SET IDENTITY_INSERT [Nt_GuestBook] ON
insert into [Nt_GuestBook]([Title],[Name],[Tel],[Gender],[NativePlace],[Nation],[PersonID],[EduDegree],[ZipCode],[PoliticalRole],[Address],[GraduatedFrom],[Grade],[BirthDate],[Mobile],[Email],[Company],[Body],[Display],[DisplayOrder],[CreatedDate],[Note],[Type],[Viewed],[LanguageId],[Id])values(N'主题...',N'姓名...',N'',N'False',N'',N'',N'',N'',N'',N'',N'',N'',N'',N'2015/1/5 10:13:12',N'',N'邮箱...',N'',N'内容..',N'False',N'0',N'2015/1/5 10:13:12',N'',N'10',N'False',N'1',N'1')
insert into [Nt_GuestBook]([Title],[Name],[Tel],[Gender],[NativePlace],[Nation],[PersonID],[EduDegree],[ZipCode],[PoliticalRole],[Address],[GraduatedFrom],[Grade],[BirthDate],[Mobile],[Email],[Company],[Body],[Display],[DisplayOrder],[CreatedDate],[Note],[Type],[Viewed],[LanguageId],[Id])values(N'主题...',N'姓名...',N'',N'False',N'',N'',N'',N'',N'',N'',N'',N'',N'',N'2015/1/5 10:13:21',N'',N'邮箱...',N'',N'内容..',N'False',N'0',N'2015/1/5 10:13:21',N'',N'10',N'False',N'1',N'2')
insert into [Nt_GuestBook]([Title],[Name],[Tel],[Gender],[NativePlace],[Nation],[PersonID],[EduDegree],[ZipCode],[PoliticalRole],[Address],[GraduatedFrom],[Grade],[BirthDate],[Mobile],[Email],[Company],[Body],[Display],[DisplayOrder],[CreatedDate],[Note],[Type],[Viewed],[LanguageId],[Id])values(N'title',N'zxh',N'',N'True',N'',N'',N'',N'',N'',N'',N'',N'',N'',N'2015/1/5 11:57:13',N'',N'zhangxinghai@naite.com.cn',N'',N'ascsdsdososososososososos',N'False',N'1',N'2015/1/5 11:57:13',N'',N'10',N'False',N'1',N'3')
insert into [Nt_GuestBook]([Title],[Name],[Tel],[Gender],[NativePlace],[Nation],[PersonID],[EduDegree],[ZipCode],[PoliticalRole],[Address],[GraduatedFrom],[Grade],[BirthDate],[Mobile],[Email],[Company],[Body],[Display],[DisplayOrder],[CreatedDate],[Note],[Type],[Viewed],[LanguageId],[Id])values(N'title',N'zxh',N'',N'True',N'',N'',N'',N'',N'',N'',N'',N'',N'',N'2015/1/5 0:00:00',N'',N'zhangxinghai@naite.com.cn',N'',N'** is oppo system',N'False',N'1',N'2015/1/5 11:58:49',N'',N'10',N'True',N'1',N'4')
insert into [Nt_GuestBook]([Title],[Name],[Tel],[Gender],[NativePlace],[Nation],[PersonID],[EduDegree],[ZipCode],[PoliticalRole],[Address],[GraduatedFrom],[Grade],[BirthDate],[Mobile],[Email],[Company],[Body],[Display],[DisplayOrder],[CreatedDate],[Note],[Type],[Viewed],[LanguageId],[Id])values(N'title',N'zxh',N'',N'True',N'',N'',N'',N'',N'',N'',N'',N'',N'',N'2015/1/5 11:59:45',N'',N'zhangxinghai@naite.com.cn',N'',N'** is oppo system',N'False',N'1',N'2015/1/5 11:59:45',N'',N'10',N'False',N'1',N'5')
SET IDENTITY_INSERT [Nt_GuestBook] OFF

SET IDENTITY_INSERT [Nt_GuestBookReply] ON
SET IDENTITY_INSERT [Nt_GuestBookReply] OFF

SET IDENTITY_INSERT [Nt_Language] ON
insert into [Nt_Language]([LanguageCode],[Published],[DisplayOrder],[Name],[Id])values(N'cn',N'True',N'1',N'简体中文',N'1')
SET IDENTITY_INSERT [Nt_Language] OFF

SET IDENTITY_INSERT [Nt_Log] ON
insert into [Nt_Log]([UserID],[LoginIP],[Description],[RawUrl],[CreatedDate],[Id])values(N'1',N'::1',N'zxh于2015/1/4 9:39:28修改了商品分类:女士鞋',N'/netin/goods/category_edit.aspx',N'2015/1/4 9:39:28',N'1')
insert into [Nt_Log]([UserID],[LoginIP],[Description],[RawUrl],[CreatedDate],[Id])values(N'1',N'::1',N'zxh于2015/1/4 9:40:29修改了商品分类:男士鞋',N'/netin/goods/category_edit.aspx',N'2015/1/4 9:40:29',N'2')
insert into [Nt_Log]([UserID],[LoginIP],[Description],[RawUrl],[CreatedDate],[Id])values(N'1',N'::1',N'zxh于2015/1/4 10:26:42修改了商品分类:儿童鞋',N'/netin/goods/category_edit.aspx',N'2015/1/4 10:26:42',N'3')
insert into [Nt_Log]([UserID],[LoginIP],[Description],[RawUrl],[CreatedDate],[Id])values(N'1',N'::1',N'zxh于2015/1/4 10:36:48修改了商品:Nike Roshe Run',N'/netin/goods/goods_edit.aspx',N'2015/1/4 10:36:48',N'4')
insert into [Nt_Log]([UserID],[LoginIP],[Description],[RawUrl],[CreatedDate],[Id])values(N'1',N'::1',N'远程服务器返回错误: (500) 内部服务器错误。',N'/netin/goods/goods_edit.aspx',N'2015/1/4 10:39:14',N'5')
insert into [Nt_Log]([UserID],[LoginIP],[Description],[RawUrl],[CreatedDate],[Id])values(N'1',N'::1',N'zxh于2015/1/4 10:39:14修改了商品:Line Link 67009',N'/netin/goods/goods_edit.aspx',N'2015/1/4 10:39:14',N'6')
insert into [Nt_Log]([UserID],[LoginIP],[Description],[RawUrl],[CreatedDate],[Id])values(N'1',N'::1',N'远程服务器返回错误: (500) 内部服务器错误。',N'/netin/goods/goods_edit.aspx?id=2&page=1',N'2015/1/4 10:42:37',N'7')
insert into [Nt_Log]([UserID],[LoginIP],[Description],[RawUrl],[CreatedDate],[Id])values(N'1',N'::1',N'zxh于2015/1/4 10:42:37修改了商品:Line Link 67009',N'/netin/goods/goods_edit.aspx?id=2&page=1',N'2015/1/4 10:42:37',N'8')
insert into [Nt_Log]([UserID],[LoginIP],[Description],[RawUrl],[CreatedDate],[Id])values(N'1',N'::1',N'zxh于2015/1/4 10:50:33修改了商品:Line Link 67009',N'/netin/goods/goods_edit.aspx?id=2&page=1',N'2015/1/4 10:50:33',N'9')
insert into [Nt_Log]([UserID],[LoginIP],[Description],[RawUrl],[CreatedDate],[Id])values(N'1',N'::1',N'zxh于2015/1/4 10:52:55修改了商品:Line Link 67009',N'/netin/goods/goods_edit.aspx?id=2&page=1',N'2015/1/4 10:52:55',N'10')
insert into [Nt_Log]([UserID],[LoginIP],[Description],[RawUrl],[CreatedDate],[Id])values(N'1',N'::1',N'zxh于2015/1/4 11:19:18修改了商品:Line Link 67009',N'/netin/goods/goods_edit.aspx?id=2&page=1',N'2015/1/4 11:19:18',N'11')
insert into [Nt_Log]([UserID],[LoginIP],[Description],[RawUrl],[CreatedDate],[Id])values(N'1',N'::1',N'zxh于2015/1/4 15:43:21修改了商品:Nike Roshe Run',N'/netin/goods/goods_edit.aspx?id=1&page=1',N'2015/1/4 15:43:21',N'12')
insert into [Nt_Log]([UserID],[LoginIP],[Description],[RawUrl],[CreatedDate],[Id])values(N'1',N'::1',N'zxh于2015/1/5 8:35:23修改了Slider(幻灯片):slide1',N'/netin/common/slider_edit.aspx',N'2015/1/5 8:35:23',N'13')
insert into [Nt_Log]([UserID],[LoginIP],[Description],[RawUrl],[CreatedDate],[Id])values(N'1',N'::1',N'zxh于2015/1/5 8:35:46修改了Slider(幻灯片):slide2',N'/netin/common/slider_edit.aspx',N'2015/1/5 8:35:46',N'14')
insert into [Nt_Log]([UserID],[LoginIP],[Description],[RawUrl],[CreatedDate],[Id])values(N'1',N'::1',N'传入的索引超出范围。',N'/myshoppingcart.aspx',N'2015/1/6 10:17:37',N'15')
insert into [Nt_Log]([UserID],[LoginIP],[Description],[RawUrl],[CreatedDate],[Id])values(N'1',N'::1',N'传入的索引超出范围。',N'/myshoppingcart.aspx',N'2015/1/6 10:17:38',N'16')
insert into [Nt_Log]([UserID],[LoginIP],[Description],[RawUrl],[CreatedDate],[Id])values(N'1',N'::1',N'传入的索引超出范围。',N'/myshoppingcart.aspx',N'2015/1/6 10:17:38',N'17')
insert into [Nt_Log]([UserID],[LoginIP],[Description],[RawUrl],[CreatedDate],[Id])values(N'1',N'::1',N'传入的索引超出范围。',N'/myshoppingcart.aspx',N'2015/1/6 10:17:38',N'18')
insert into [Nt_Log]([UserID],[LoginIP],[Description],[RawUrl],[CreatedDate],[Id])values(N'1',N'::1',N'传入的索引超出范围。',N'/myshoppingcart.aspx',N'2015/1/6 10:17:38',N'19')
insert into [Nt_Log]([UserID],[LoginIP],[Description],[RawUrl],[CreatedDate],[Id])values(N'1',N'::1',N'传入的索引超出范围。',N'/myshoppingcart.aspx',N'2015/1/6 10:32:54',N'20')
insert into [Nt_Log]([UserID],[LoginIP],[Description],[RawUrl],[CreatedDate],[Id])values(N'1',N'::1',N'传入的索引超出范围。',N'/myshoppingcart.aspx',N'2015/1/6 10:32:54',N'21')
insert into [Nt_Log]([UserID],[LoginIP],[Description],[RawUrl],[CreatedDate],[Id])values(N'1',N'::1',N'传入的索引超出范围。',N'/myshoppingcart.aspx',N'2015/1/6 10:32:54',N'22')
insert into [Nt_Log]([UserID],[LoginIP],[Description],[RawUrl],[CreatedDate],[Id])values(N'1',N'::1',N'传入的索引超出范围。',N'/myshoppingcart.aspx',N'2015/1/6 10:32:54',N'23')
insert into [Nt_Log]([UserID],[LoginIP],[Description],[RawUrl],[CreatedDate],[Id])values(N'1',N'::1',N'传入的索引超出范围。',N'/myshoppingcart.aspx',N'2015/1/6 10:32:54',N'24')
insert into [Nt_Log]([UserID],[LoginIP],[Description],[RawUrl],[CreatedDate],[Id])values(N'1',N'::1',N'传入的索引超出范围。',N'/myshoppingcart.aspx',N'2015/1/6 10:35:36',N'25')
insert into [Nt_Log]([UserID],[LoginIP],[Description],[RawUrl],[CreatedDate],[Id])values(N'1',N'::1',N'传入的索引超出范围。',N'/myshoppingcart.aspx',N'2015/1/6 10:35:36',N'26')
insert into [Nt_Log]([UserID],[LoginIP],[Description],[RawUrl],[CreatedDate],[Id])values(N'1',N'::1',N'传入的索引超出范围。',N'/myshoppingcart.aspx',N'2015/1/6 10:35:36',N'27')
insert into [Nt_Log]([UserID],[LoginIP],[Description],[RawUrl],[CreatedDate],[Id])values(N'1',N'::1',N'传入的索引超出范围。',N'/myshoppingcart.aspx',N'2015/1/6 10:35:36',N'28')
insert into [Nt_Log]([UserID],[LoginIP],[Description],[RawUrl],[CreatedDate],[Id])values(N'1',N'::1',N'传入的索引超出范围。',N'/myshoppingcart.aspx',N'2015/1/6 10:35:36',N'29')
insert into [Nt_Log]([UserID],[LoginIP],[Description],[RawUrl],[CreatedDate],[Id])values(N'1',N'::1',N'zxh于2015/1/9 14:42:59修改了文章分类:服务',N'/netin/article/article_class_edit.aspx',N'2015/1/9 14:42:59',N'30')
insert into [Nt_Log]([UserID],[LoginIP],[Description],[RawUrl],[CreatedDate],[Id])values(N'1',N'::1',N'zxh于2015/1/9 14:48:54修改了文章:综合布线与光缆各具有什么优势',N'/netin/article/edit.aspx?acid=1',N'2015/1/9 14:48:54',N'31')
SET IDENTITY_INSERT [Nt_Log] OFF

SET IDENTITY_INSERT [Nt_Area] ON
SET IDENTITY_INSERT [Nt_Area] OFF

SET IDENTITY_INSERT [Nt_Measure] ON
SET IDENTITY_INSERT [Nt_Measure] OFF

SET IDENTITY_INSERT [Nt_Article] ON
insert into [Nt_Article]([Title],[Author],[Source],[Short],[Body],[Rating],[SetTop],[Recommended],[PictureUrl],[SeoKeywords],[SeoDescription],[UpdatedDate],[CreatedDate],[UserId],[Display],[DisplayOrder],[Guid],[FileUrl],[FileName],[FileSize],[ArticleClassId],[Downloadable],[LanguageId],[Id])values(N'综合布线与光缆各具有什么优势',N'',N'',N'综合布线与光缆各具有什么优势',N'<p>
	综合布线过程中，不可或缺的是光纤光缆，那光缆有几种呢，各有什么优势?选择线缆类型应从线缆用途、要求的传输容量、传输带宽、价格等多方面综合考虑。线缆类型有非屏蔽双绞线、屏蔽双绞线、光缆三大类。<strong><a href="http://www.naite.com.cn" target="_blank">大连综合布线</a></strong>，首选奈特原动力，我们依托国内外一流品牌的优质产品，致力于政府、外企、教育、酒店、证券、电信等行业的计算机系统设计、系统集成、工程施工、硬件安装、网络调试及售后服务工作。本着诚信、合作、勤奋、节约的价值观，为用户提供一流的产品和服务。
</p>
在综合布线过程中，不可或缺的是光纤光缆，那光缆有几种呢，各有什么优势?<br />
选择线缆类型应从线缆用途、要求的传输容量、传输带宽、价格等多方面综合考虑。线缆类型有非屏蔽双绞线、屏蔽双绞线、光缆三大类。<br />
&nbsp;&nbsp;&nbsp;&nbsp;&nbsp; (1)非屏蔽双绞线UTP，是目前国内应用最多的布线系统，适用于传输带宽在250MHz以下，没有特殊性能要求的网络应用，其优点是整体性能不错、价格便宜、施工和维护比较方便。六类布线系统已经达到了非屏蔽双绞线的性能极限。<br />
&nbsp;&nbsp;&nbsp;&nbsp;&nbsp; (2)铝箔屏蔽的双绞线FTP，带宽较大、抗干扰性能强，具有低烟无卤的特点。相对的，屏蔽线比非屏蔽线价格及安装成本要高一些，线缆弯曲性能稍差。六类线及之前的屏蔽系统多采用这种形式。<br />
&nbsp;&nbsp;&nbsp;&nbsp;&nbsp; 
(3)独立屏蔽双绞线STP，每一对线都有一个铝箔屏蔽层，四对线合在一起还有一个公共的金属编织屏蔽层，这是七类线的标准结构。它适用于高速网络的应
用，提供高度保密的传输，支持未来的新型应用，有助于统一当前网络应用的布线平台，使得从电子邮件到多媒体视频的各种信息，都可以在同一套高速系统中传
输。<strong><a href="http://www.naite.com.cn/" target="_blank">大连综合布线</a></strong><br />
&nbsp;&nbsp;&nbsp;&nbsp; &nbsp;额外的屏蔽层使得七类线有一个较大的线径，这些特点要求在设计安装路由和端接空间时要特别小心，要留有很大的空间和较大的弯曲半径，目前康宁公司已经在中国推出了7类布线系统。<br />
&nbsp;&nbsp;&nbsp;&nbsp;&nbsp; 
早在1997年布线标准化机构和制造商就已经提出了七类铜缆布线系统的构想，其中康宁公司在1997年发布了600MHZ的七类布线。它能提供至少
500MHz的综合衰减对串扰比和600MHz的整体带宽，其连接头要求在600MHz时所有的线对提供至少60dB的综合近端串绕。而超五类系统只要求
在100MHz提供43dB，六类在250MHz的数值为46dB.<br />
&nbsp;&nbsp;&nbsp;&nbsp;&nbsp; 
而且，由于其绝佳的屏蔽设计和高带宽，一个典型的七类信道甚至可以同时提供一对线862MHz的带宽用于传输有线电视信号，在另外一个线对传输模拟音频信
号，然后在第三、四线对传输高速局域网信息。这种应用在目前是无法想象的，但不久的将由七类布线系统实现，目前美国康宁公司推出的七类布线系统已经领先业
界达到了1200MHz的带宽。<br />
&nbsp;&nbsp;&nbsp;&nbsp;&nbsp; 
与光纤局域网相比，七类系统的解决方案提供了希望的性能和带宽，但其总体成本只是光纤的几分之一。有些人会认为光纤系统可以给人们带来足够多的带宽，并且
光缆与七类线缆价格接近。但是，如果考虑到光纤路由器、光交换机和光网卡的成本因素，光纤的价格优势就会很快地丧失。<br />
&nbsp;&nbsp;&nbsp;&nbsp;&nbsp; (4)光缆尤其是单模光缆可用于高速网络传输，并有先天电磁干扰免疫、可靠性强、支持远距离传输等优点，是未来理想的网络传输介质，其地位日益重要。但是光缆设备、材料和端接成本都比较昂贵，安装也相对复杂，故一般适宜用于长距离和大容量的布线。<strong><a href="http://www.naite.com.cn/" target="_blank">大连综合布线</a></strong><br />
目前62.5/125μm多模光缆已经在综合布线主干系统中成为主流布线介质，在水平系统中的应用也变得日益广泛，康宁公司目前已经推出了全套光纤到桌面的光缆布线系统，并于今年5月份正式推出10G光缆布线系统。<br />
&nbsp;&nbsp;&nbsp;&nbsp;&nbsp; 新版本的TIA/EIA-568-B.3规定了光纤、连接硬件以及光纤跳线的机械特性和传输性能。与568-A相比，其最显著的增强在于认可50/125μm多模光纤，以及除了SC连接器外，还认可小型元件(SFF)光纤连接器作为工作区的连接器。<br />
允许使用SFF连接器给终端用户带来了许多好处，比如，SC连接器较大的尺寸无法支持设备接口朝高密度方向发展的工业趋势，而采用SFF连接器可以非常容易地在与RJ-45相同的空间内连接两芯光纤。<br />
&nbsp;&nbsp;&nbsp;&nbsp;&nbsp; 由于TIA对SFF光纤连接器的认可，光纤设备制造厂商如CISCO、3Com、IBM等已经将这些接口设计融合到他们的产品中。<strong><a href="http://www.naite.com.cn/" target="_blank">大连综合布线</a></strong>',N'0',N'False',N'False',N'',N'综合布线与光缆各具有什么优势',N'综合布线与光缆各具有什么优势',N'2015/1/9 2:43:07',N'2015/1/9 2:43:07',N'1',N'True',N'0',N'8cdc080a-23f6-40de-9d5d-596824cec377',N'',N'',N'',N'1',N'False',N'1',N'1')
insert into [Nt_Article]([Title],[Author],[Source],[Short],[Body],[Rating],[SetTop],[Recommended],[PictureUrl],[SeoKeywords],[SeoDescription],[UpdatedDate],[CreatedDate],[UserId],[Display],[DisplayOrder],[Guid],[FileUrl],[FileName],[FileSize],[ArticleClassId],[Downloadable],[LanguageId],[Id])values(N'综合布线与光缆各具有什么优势-copy',N'',N'',N'综合布线与光缆各具有什么优势',N'<p>
	综合布线过程中，不可或缺的是光纤光缆，那光缆有几种呢，各有什么优势?选择线缆类型应从线缆用途、要求的传输容量、传输带宽、价格等多方面综合考虑。线缆类型有非屏蔽双绞线、屏蔽双绞线、光缆三大类。<strong><a href="http://www.naite.com.cn" target="_blank">大连综合布线</a></strong>，首选奈特原动力，我们依托国内外一流品牌的优质产品，致力于政府、外企、教育、酒店、证券、电信等行业的计算机系统设计、系统集成、工程施工、硬件安装、网络调试及售后服务工作。本着诚信、合作、勤奋、节约的价值观，为用户提供一流的产品和服务。
</p>
在综合布线过程中，不可或缺的是光纤光缆，那光缆有几种呢，各有什么优势?<br />
选择线缆类型应从线缆用途、要求的传输容量、传输带宽、价格等多方面综合考虑。线缆类型有非屏蔽双绞线、屏蔽双绞线、光缆三大类。<br />
&nbsp;&nbsp;&nbsp;&nbsp;&nbsp; (1)非屏蔽双绞线UTP，是目前国内应用最多的布线系统，适用于传输带宽在250MHz以下，没有特殊性能要求的网络应用，其优点是整体性能不错、价格便宜、施工和维护比较方便。六类布线系统已经达到了非屏蔽双绞线的性能极限。<br />
&nbsp;&nbsp;&nbsp;&nbsp;&nbsp; (2)铝箔屏蔽的双绞线FTP，带宽较大、抗干扰性能强，具有低烟无卤的特点。相对的，屏蔽线比非屏蔽线价格及安装成本要高一些，线缆弯曲性能稍差。六类线及之前的屏蔽系统多采用这种形式。<br />
&nbsp;&nbsp;&nbsp;&nbsp;&nbsp; 
(3)独立屏蔽双绞线STP，每一对线都有一个铝箔屏蔽层，四对线合在一起还有一个公共的金属编织屏蔽层，这是七类线的标准结构。它适用于高速网络的应
用，提供高度保密的传输，支持未来的新型应用，有助于统一当前网络应用的布线平台，使得从电子邮件到多媒体视频的各种信息，都可以在同一套高速系统中传
输。<strong><a href="http://www.naite.com.cn/" target="_blank">大连综合布线</a></strong><br />
&nbsp;&nbsp;&nbsp;&nbsp; &nbsp;额外的屏蔽层使得七类线有一个较大的线径，这些特点要求在设计安装路由和端接空间时要特别小心，要留有很大的空间和较大的弯曲半径，目前康宁公司已经在中国推出了7类布线系统。<br />
&nbsp;&nbsp;&nbsp;&nbsp;&nbsp; 
早在1997年布线标准化机构和制造商就已经提出了七类铜缆布线系统的构想，其中康宁公司在1997年发布了600MHZ的七类布线。它能提供至少
500MHz的综合衰减对串扰比和600MHz的整体带宽，其连接头要求在600MHz时所有的线对提供至少60dB的综合近端串绕。而超五类系统只要求
在100MHz提供43dB，六类在250MHz的数值为46dB.<br />
&nbsp;&nbsp;&nbsp;&nbsp;&nbsp; 
而且，由于其绝佳的屏蔽设计和高带宽，一个典型的七类信道甚至可以同时提供一对线862MHz的带宽用于传输有线电视信号，在另外一个线对传输模拟音频信
号，然后在第三、四线对传输高速局域网信息。这种应用在目前是无法想象的，但不久的将由七类布线系统实现，目前美国康宁公司推出的七类布线系统已经领先业
界达到了1200MHz的带宽。<br />
&nbsp;&nbsp;&nbsp;&nbsp;&nbsp; 
与光纤局域网相比，七类系统的解决方案提供了希望的性能和带宽，但其总体成本只是光纤的几分之一。有些人会认为光纤系统可以给人们带来足够多的带宽，并且
光缆与七类线缆价格接近。但是，如果考虑到光纤路由器、光交换机和光网卡的成本因素，光纤的价格优势就会很快地丧失。<br />
&nbsp;&nbsp;&nbsp;&nbsp;&nbsp; (4)光缆尤其是单模光缆可用于高速网络传输，并有先天电磁干扰免疫、可靠性强、支持远距离传输等优点，是未来理想的网络传输介质，其地位日益重要。但是光缆设备、材料和端接成本都比较昂贵，安装也相对复杂，故一般适宜用于长距离和大容量的布线。<strong><a href="http://www.naite.com.cn/" target="_blank">大连综合布线</a></strong><br />
目前62.5/125μm多模光缆已经在综合布线主干系统中成为主流布线介质，在水平系统中的应用也变得日益广泛，康宁公司目前已经推出了全套光纤到桌面的光缆布线系统，并于今年5月份正式推出10G光缆布线系统。<br />
&nbsp;&nbsp;&nbsp;&nbsp;&nbsp; 新版本的TIA/EIA-568-B.3规定了光纤、连接硬件以及光纤跳线的机械特性和传输性能。与568-A相比，其最显著的增强在于认可50/125μm多模光纤，以及除了SC连接器外，还认可小型元件(SFF)光纤连接器作为工作区的连接器。<br />
允许使用SFF连接器给终端用户带来了许多好处，比如，SC连接器较大的尺寸无法支持设备接口朝高密度方向发展的工业趋势，而采用SFF连接器可以非常容易地在与RJ-45相同的空间内连接两芯光纤。<br />
&nbsp;&nbsp;&nbsp;&nbsp;&nbsp; 由于TIA对SFF光纤连接器的认可，光纤设备制造厂商如CISCO、3Com、IBM等已经将这些接口设计融合到他们的产品中。<strong><a href="http://www.naite.com.cn/" target="_blank">大连综合布线</a></strong>',N'0',N'False',N'False',N'',N'综合布线与光缆各具有什么优势',N'综合布线与光缆各具有什么优势',N'2015/1/9 2:43:07',N'2015/1/9 2:43:07',N'1',N'True',N'0',N'5bd953cb-acb5-4f27-a605-5fff79062eaa',N'',N'',N'',N'1',N'False',N'1',N'2')
insert into [Nt_Article]([Title],[Author],[Source],[Short],[Body],[Rating],[SetTop],[Recommended],[PictureUrl],[SeoKeywords],[SeoDescription],[UpdatedDate],[CreatedDate],[UserId],[Display],[DisplayOrder],[Guid],[FileUrl],[FileName],[FileSize],[ArticleClassId],[Downloadable],[LanguageId],[Id])values(N'综合布线与光缆各具有什么优势-copy-copy',N'',N'',N'综合布线与光缆各具有什么优势',N'<p>
	综合布线过程中，不可或缺的是光纤光缆，那光缆有几种呢，各有什么优势?选择线缆类型应从线缆用途、要求的传输容量、传输带宽、价格等多方面综合考虑。线缆类型有非屏蔽双绞线、屏蔽双绞线、光缆三大类。<strong><a href="http://www.naite.com.cn" target="_blank">大连综合布线</a></strong>，首选奈特原动力，我们依托国内外一流品牌的优质产品，致力于政府、外企、教育、酒店、证券、电信等行业的计算机系统设计、系统集成、工程施工、硬件安装、网络调试及售后服务工作。本着诚信、合作、勤奋、节约的价值观，为用户提供一流的产品和服务。
</p>
在综合布线过程中，不可或缺的是光纤光缆，那光缆有几种呢，各有什么优势?<br />
选择线缆类型应从线缆用途、要求的传输容量、传输带宽、价格等多方面综合考虑。线缆类型有非屏蔽双绞线、屏蔽双绞线、光缆三大类。<br />
&nbsp;&nbsp;&nbsp;&nbsp;&nbsp; (1)非屏蔽双绞线UTP，是目前国内应用最多的布线系统，适用于传输带宽在250MHz以下，没有特殊性能要求的网络应用，其优点是整体性能不错、价格便宜、施工和维护比较方便。六类布线系统已经达到了非屏蔽双绞线的性能极限。<br />
&nbsp;&nbsp;&nbsp;&nbsp;&nbsp; (2)铝箔屏蔽的双绞线FTP，带宽较大、抗干扰性能强，具有低烟无卤的特点。相对的，屏蔽线比非屏蔽线价格及安装成本要高一些，线缆弯曲性能稍差。六类线及之前的屏蔽系统多采用这种形式。<br />
&nbsp;&nbsp;&nbsp;&nbsp;&nbsp; 
(3)独立屏蔽双绞线STP，每一对线都有一个铝箔屏蔽层，四对线合在一起还有一个公共的金属编织屏蔽层，这是七类线的标准结构。它适用于高速网络的应
用，提供高度保密的传输，支持未来的新型应用，有助于统一当前网络应用的布线平台，使得从电子邮件到多媒体视频的各种信息，都可以在同一套高速系统中传
输。<strong><a href="http://www.naite.com.cn/" target="_blank">大连综合布线</a></strong><br />
&nbsp;&nbsp;&nbsp;&nbsp; &nbsp;额外的屏蔽层使得七类线有一个较大的线径，这些特点要求在设计安装路由和端接空间时要特别小心，要留有很大的空间和较大的弯曲半径，目前康宁公司已经在中国推出了7类布线系统。<br />
&nbsp;&nbsp;&nbsp;&nbsp;&nbsp; 
早在1997年布线标准化机构和制造商就已经提出了七类铜缆布线系统的构想，其中康宁公司在1997年发布了600MHZ的七类布线。它能提供至少
500MHz的综合衰减对串扰比和600MHz的整体带宽，其连接头要求在600MHz时所有的线对提供至少60dB的综合近端串绕。而超五类系统只要求
在100MHz提供43dB，六类在250MHz的数值为46dB.<br />
&nbsp;&nbsp;&nbsp;&nbsp;&nbsp; 
而且，由于其绝佳的屏蔽设计和高带宽，一个典型的七类信道甚至可以同时提供一对线862MHz的带宽用于传输有线电视信号，在另外一个线对传输模拟音频信
号，然后在第三、四线对传输高速局域网信息。这种应用在目前是无法想象的，但不久的将由七类布线系统实现，目前美国康宁公司推出的七类布线系统已经领先业
界达到了1200MHz的带宽。<br />
&nbsp;&nbsp;&nbsp;&nbsp;&nbsp; 
与光纤局域网相比，七类系统的解决方案提供了希望的性能和带宽，但其总体成本只是光纤的几分之一。有些人会认为光纤系统可以给人们带来足够多的带宽，并且
光缆与七类线缆价格接近。但是，如果考虑到光纤路由器、光交换机和光网卡的成本因素，光纤的价格优势就会很快地丧失。<br />
&nbsp;&nbsp;&nbsp;&nbsp;&nbsp; (4)光缆尤其是单模光缆可用于高速网络传输，并有先天电磁干扰免疫、可靠性强、支持远距离传输等优点，是未来理想的网络传输介质，其地位日益重要。但是光缆设备、材料和端接成本都比较昂贵，安装也相对复杂，故一般适宜用于长距离和大容量的布线。<strong><a href="http://www.naite.com.cn/" target="_blank">大连综合布线</a></strong><br />
目前62.5/125μm多模光缆已经在综合布线主干系统中成为主流布线介质，在水平系统中的应用也变得日益广泛，康宁公司目前已经推出了全套光纤到桌面的光缆布线系统，并于今年5月份正式推出10G光缆布线系统。<br />
&nbsp;&nbsp;&nbsp;&nbsp;&nbsp; 新版本的TIA/EIA-568-B.3规定了光纤、连接硬件以及光纤跳线的机械特性和传输性能。与568-A相比，其最显著的增强在于认可50/125μm多模光纤，以及除了SC连接器外，还认可小型元件(SFF)光纤连接器作为工作区的连接器。<br />
允许使用SFF连接器给终端用户带来了许多好处，比如，SC连接器较大的尺寸无法支持设备接口朝高密度方向发展的工业趋势，而采用SFF连接器可以非常容易地在与RJ-45相同的空间内连接两芯光纤。<br />
&nbsp;&nbsp;&nbsp;&nbsp;&nbsp; 由于TIA对SFF光纤连接器的认可，光纤设备制造厂商如CISCO、3Com、IBM等已经将这些接口设计融合到他们的产品中。<strong><a href="http://www.naite.com.cn/" target="_blank">大连综合布线</a></strong>',N'0',N'False',N'False',N'',N'综合布线与光缆各具有什么优势',N'综合布线与光缆各具有什么优势',N'2015/1/9 2:43:07',N'2015/1/9 2:43:07',N'1',N'True',N'0',N'd9ce6c0d-8f95-404b-8b30-2ec343d2ca4f',N'',N'',N'',N'1',N'False',N'1',N'3')
insert into [Nt_Article]([Title],[Author],[Source],[Short],[Body],[Rating],[SetTop],[Recommended],[PictureUrl],[SeoKeywords],[SeoDescription],[UpdatedDate],[CreatedDate],[UserId],[Display],[DisplayOrder],[Guid],[FileUrl],[FileName],[FileSize],[ArticleClassId],[Downloadable],[LanguageId],[Id])values(N'综合布线与光缆各具有什么优势-copy-copy-copy',N'',N'',N'综合布线与光缆各具有什么优势',N'<p>
	综合布线过程中，不可或缺的是光纤光缆，那光缆有几种呢，各有什么优势?选择线缆类型应从线缆用途、要求的传输容量、传输带宽、价格等多方面综合考虑。线缆类型有非屏蔽双绞线、屏蔽双绞线、光缆三大类。<strong><a href="http://www.naite.com.cn" target="_blank">大连综合布线</a></strong>，首选奈特原动力，我们依托国内外一流品牌的优质产品，致力于政府、外企、教育、酒店、证券、电信等行业的计算机系统设计、系统集成、工程施工、硬件安装、网络调试及售后服务工作。本着诚信、合作、勤奋、节约的价值观，为用户提供一流的产品和服务。
</p>
在综合布线过程中，不可或缺的是光纤光缆，那光缆有几种呢，各有什么优势?<br />
选择线缆类型应从线缆用途、要求的传输容量、传输带宽、价格等多方面综合考虑。线缆类型有非屏蔽双绞线、屏蔽双绞线、光缆三大类。<br />
&nbsp;&nbsp;&nbsp;&nbsp;&nbsp; (1)非屏蔽双绞线UTP，是目前国内应用最多的布线系统，适用于传输带宽在250MHz以下，没有特殊性能要求的网络应用，其优点是整体性能不错、价格便宜、施工和维护比较方便。六类布线系统已经达到了非屏蔽双绞线的性能极限。<br />
&nbsp;&nbsp;&nbsp;&nbsp;&nbsp; (2)铝箔屏蔽的双绞线FTP，带宽较大、抗干扰性能强，具有低烟无卤的特点。相对的，屏蔽线比非屏蔽线价格及安装成本要高一些，线缆弯曲性能稍差。六类线及之前的屏蔽系统多采用这种形式。<br />
&nbsp;&nbsp;&nbsp;&nbsp;&nbsp; 
(3)独立屏蔽双绞线STP，每一对线都有一个铝箔屏蔽层，四对线合在一起还有一个公共的金属编织屏蔽层，这是七类线的标准结构。它适用于高速网络的应
用，提供高度保密的传输，支持未来的新型应用，有助于统一当前网络应用的布线平台，使得从电子邮件到多媒体视频的各种信息，都可以在同一套高速系统中传
输。<strong><a href="http://www.naite.com.cn/" target="_blank">大连综合布线</a></strong><br />
&nbsp;&nbsp;&nbsp;&nbsp; &nbsp;额外的屏蔽层使得七类线有一个较大的线径，这些特点要求在设计安装路由和端接空间时要特别小心，要留有很大的空间和较大的弯曲半径，目前康宁公司已经在中国推出了7类布线系统。<br />
&nbsp;&nbsp;&nbsp;&nbsp;&nbsp; 
早在1997年布线标准化机构和制造商就已经提出了七类铜缆布线系统的构想，其中康宁公司在1997年发布了600MHZ的七类布线。它能提供至少
500MHz的综合衰减对串扰比和600MHz的整体带宽，其连接头要求在600MHz时所有的线对提供至少60dB的综合近端串绕。而超五类系统只要求
在100MHz提供43dB，六类在250MHz的数值为46dB.<br />
&nbsp;&nbsp;&nbsp;&nbsp;&nbsp; 
而且，由于其绝佳的屏蔽设计和高带宽，一个典型的七类信道甚至可以同时提供一对线862MHz的带宽用于传输有线电视信号，在另外一个线对传输模拟音频信
号，然后在第三、四线对传输高速局域网信息。这种应用在目前是无法想象的，但不久的将由七类布线系统实现，目前美国康宁公司推出的七类布线系统已经领先业
界达到了1200MHz的带宽。<br />
&nbsp;&nbsp;&nbsp;&nbsp;&nbsp; 
与光纤局域网相比，七类系统的解决方案提供了希望的性能和带宽，但其总体成本只是光纤的几分之一。有些人会认为光纤系统可以给人们带来足够多的带宽，并且
光缆与七类线缆价格接近。但是，如果考虑到光纤路由器、光交换机和光网卡的成本因素，光纤的价格优势就会很快地丧失。<br />
&nbsp;&nbsp;&nbsp;&nbsp;&nbsp; (4)光缆尤其是单模光缆可用于高速网络传输，并有先天电磁干扰免疫、可靠性强、支持远距离传输等优点，是未来理想的网络传输介质，其地位日益重要。但是光缆设备、材料和端接成本都比较昂贵，安装也相对复杂，故一般适宜用于长距离和大容量的布线。<strong><a href="http://www.naite.com.cn/" target="_blank">大连综合布线</a></strong><br />
目前62.5/125μm多模光缆已经在综合布线主干系统中成为主流布线介质，在水平系统中的应用也变得日益广泛，康宁公司目前已经推出了全套光纤到桌面的光缆布线系统，并于今年5月份正式推出10G光缆布线系统。<br />
&nbsp;&nbsp;&nbsp;&nbsp;&nbsp; 新版本的TIA/EIA-568-B.3规定了光纤、连接硬件以及光纤跳线的机械特性和传输性能。与568-A相比，其最显著的增强在于认可50/125μm多模光纤，以及除了SC连接器外，还认可小型元件(SFF)光纤连接器作为工作区的连接器。<br />
允许使用SFF连接器给终端用户带来了许多好处，比如，SC连接器较大的尺寸无法支持设备接口朝高密度方向发展的工业趋势，而采用SFF连接器可以非常容易地在与RJ-45相同的空间内连接两芯光纤。<br />
&nbsp;&nbsp;&nbsp;&nbsp;&nbsp; 由于TIA对SFF光纤连接器的认可，光纤设备制造厂商如CISCO、3Com、IBM等已经将这些接口设计融合到他们的产品中。<strong><a href="http://www.naite.com.cn/" target="_blank">大连综合布线</a></strong>',N'0',N'False',N'False',N'',N'综合布线与光缆各具有什么优势',N'综合布线与光缆各具有什么优势',N'2015/1/9 2:43:07',N'2015/1/9 2:43:07',N'1',N'True',N'0',N'7aecab48-d482-4efd-99a9-47af1dc1711a',N'',N'',N'',N'1',N'False',N'1',N'4')
insert into [Nt_Article]([Title],[Author],[Source],[Short],[Body],[Rating],[SetTop],[Recommended],[PictureUrl],[SeoKeywords],[SeoDescription],[UpdatedDate],[CreatedDate],[UserId],[Display],[DisplayOrder],[Guid],[FileUrl],[FileName],[FileSize],[ArticleClassId],[Downloadable],[LanguageId],[Id])values(N'综合布线与光缆各具有什么优势-copy-copy-copy-copy',N'',N'',N'综合布线与光缆各具有什么优势',N'<p>
	综合布线过程中，不可或缺的是光纤光缆，那光缆有几种呢，各有什么优势?选择线缆类型应从线缆用途、要求的传输容量、传输带宽、价格等多方面综合考虑。线缆类型有非屏蔽双绞线、屏蔽双绞线、光缆三大类。<strong><a href="http://www.naite.com.cn" target="_blank">大连综合布线</a></strong>，首选奈特原动力，我们依托国内外一流品牌的优质产品，致力于政府、外企、教育、酒店、证券、电信等行业的计算机系统设计、系统集成、工程施工、硬件安装、网络调试及售后服务工作。本着诚信、合作、勤奋、节约的价值观，为用户提供一流的产品和服务。
</p>
在综合布线过程中，不可或缺的是光纤光缆，那光缆有几种呢，各有什么优势?<br />
选择线缆类型应从线缆用途、要求的传输容量、传输带宽、价格等多方面综合考虑。线缆类型有非屏蔽双绞线、屏蔽双绞线、光缆三大类。<br />
&nbsp;&nbsp;&nbsp;&nbsp;&nbsp; (1)非屏蔽双绞线UTP，是目前国内应用最多的布线系统，适用于传输带宽在250MHz以下，没有特殊性能要求的网络应用，其优点是整体性能不错、价格便宜、施工和维护比较方便。六类布线系统已经达到了非屏蔽双绞线的性能极限。<br />
&nbsp;&nbsp;&nbsp;&nbsp;&nbsp; (2)铝箔屏蔽的双绞线FTP，带宽较大、抗干扰性能强，具有低烟无卤的特点。相对的，屏蔽线比非屏蔽线价格及安装成本要高一些，线缆弯曲性能稍差。六类线及之前的屏蔽系统多采用这种形式。<br />
&nbsp;&nbsp;&nbsp;&nbsp;&nbsp; 
(3)独立屏蔽双绞线STP，每一对线都有一个铝箔屏蔽层，四对线合在一起还有一个公共的金属编织屏蔽层，这是七类线的标准结构。它适用于高速网络的应
用，提供高度保密的传输，支持未来的新型应用，有助于统一当前网络应用的布线平台，使得从电子邮件到多媒体视频的各种信息，都可以在同一套高速系统中传
输。<strong><a href="http://www.naite.com.cn/" target="_blank">大连综合布线</a></strong><br />
&nbsp;&nbsp;&nbsp;&nbsp; &nbsp;额外的屏蔽层使得七类线有一个较大的线径，这些特点要求在设计安装路由和端接空间时要特别小心，要留有很大的空间和较大的弯曲半径，目前康宁公司已经在中国推出了7类布线系统。<br />
&nbsp;&nbsp;&nbsp;&nbsp;&nbsp; 
早在1997年布线标准化机构和制造商就已经提出了七类铜缆布线系统的构想，其中康宁公司在1997年发布了600MHZ的七类布线。它能提供至少
500MHz的综合衰减对串扰比和600MHz的整体带宽，其连接头要求在600MHz时所有的线对提供至少60dB的综合近端串绕。而超五类系统只要求
在100MHz提供43dB，六类在250MHz的数值为46dB.<br />
&nbsp;&nbsp;&nbsp;&nbsp;&nbsp; 
而且，由于其绝佳的屏蔽设计和高带宽，一个典型的七类信道甚至可以同时提供一对线862MHz的带宽用于传输有线电视信号，在另外一个线对传输模拟音频信
号，然后在第三、四线对传输高速局域网信息。这种应用在目前是无法想象的，但不久的将由七类布线系统实现，目前美国康宁公司推出的七类布线系统已经领先业
界达到了1200MHz的带宽。<br />
&nbsp;&nbsp;&nbsp;&nbsp;&nbsp; 
与光纤局域网相比，七类系统的解决方案提供了希望的性能和带宽，但其总体成本只是光纤的几分之一。有些人会认为光纤系统可以给人们带来足够多的带宽，并且
光缆与七类线缆价格接近。但是，如果考虑到光纤路由器、光交换机和光网卡的成本因素，光纤的价格优势就会很快地丧失。<br />
&nbsp;&nbsp;&nbsp;&nbsp;&nbsp; (4)光缆尤其是单模光缆可用于高速网络传输，并有先天电磁干扰免疫、可靠性强、支持远距离传输等优点，是未来理想的网络传输介质，其地位日益重要。但是光缆设备、材料和端接成本都比较昂贵，安装也相对复杂，故一般适宜用于长距离和大容量的布线。<strong><a href="http://www.naite.com.cn/" target="_blank">大连综合布线</a></strong><br />
目前62.5/125μm多模光缆已经在综合布线主干系统中成为主流布线介质，在水平系统中的应用也变得日益广泛，康宁公司目前已经推出了全套光纤到桌面的光缆布线系统，并于今年5月份正式推出10G光缆布线系统。<br />
&nbsp;&nbsp;&nbsp;&nbsp;&nbsp; 新版本的TIA/EIA-568-B.3规定了光纤、连接硬件以及光纤跳线的机械特性和传输性能。与568-A相比，其最显著的增强在于认可50/125μm多模光纤，以及除了SC连接器外，还认可小型元件(SFF)光纤连接器作为工作区的连接器。<br />
允许使用SFF连接器给终端用户带来了许多好处，比如，SC连接器较大的尺寸无法支持设备接口朝高密度方向发展的工业趋势，而采用SFF连接器可以非常容易地在与RJ-45相同的空间内连接两芯光纤。<br />
&nbsp;&nbsp;&nbsp;&nbsp;&nbsp; 由于TIA对SFF光纤连接器的认可，光纤设备制造厂商如CISCO、3Com、IBM等已经将这些接口设计融合到他们的产品中。<strong><a href="http://www.naite.com.cn/" target="_blank">大连综合布线</a></strong>',N'0',N'False',N'False',N'',N'综合布线与光缆各具有什么优势',N'综合布线与光缆各具有什么优势',N'2015/1/9 2:43:07',N'2015/1/9 2:43:07',N'1',N'True',N'0',N'5047e306-47a9-48e6-a317-541b4e925fac',N'',N'',N'',N'1',N'False',N'1',N'5')
insert into [Nt_Article]([Title],[Author],[Source],[Short],[Body],[Rating],[SetTop],[Recommended],[PictureUrl],[SeoKeywords],[SeoDescription],[UpdatedDate],[CreatedDate],[UserId],[Display],[DisplayOrder],[Guid],[FileUrl],[FileName],[FileSize],[ArticleClassId],[Downloadable],[LanguageId],[Id])values(N'综合布线与光缆各具有什么优势-copy-copy-copy-copy-copy',N'',N'',N'综合布线与光缆各具有什么优势',N'<p>
	综合布线过程中，不可或缺的是光纤光缆，那光缆有几种呢，各有什么优势?选择线缆类型应从线缆用途、要求的传输容量、传输带宽、价格等多方面综合考虑。线缆类型有非屏蔽双绞线、屏蔽双绞线、光缆三大类。<strong><a href="http://www.naite.com.cn" target="_blank">大连综合布线</a></strong>，首选奈特原动力，我们依托国内外一流品牌的优质产品，致力于政府、外企、教育、酒店、证券、电信等行业的计算机系统设计、系统集成、工程施工、硬件安装、网络调试及售后服务工作。本着诚信、合作、勤奋、节约的价值观，为用户提供一流的产品和服务。
</p>
在综合布线过程中，不可或缺的是光纤光缆，那光缆有几种呢，各有什么优势?<br />
选择线缆类型应从线缆用途、要求的传输容量、传输带宽、价格等多方面综合考虑。线缆类型有非屏蔽双绞线、屏蔽双绞线、光缆三大类。<br />
&nbsp;&nbsp;&nbsp;&nbsp;&nbsp; (1)非屏蔽双绞线UTP，是目前国内应用最多的布线系统，适用于传输带宽在250MHz以下，没有特殊性能要求的网络应用，其优点是整体性能不错、价格便宜、施工和维护比较方便。六类布线系统已经达到了非屏蔽双绞线的性能极限。<br />
&nbsp;&nbsp;&nbsp;&nbsp;&nbsp; (2)铝箔屏蔽的双绞线FTP，带宽较大、抗干扰性能强，具有低烟无卤的特点。相对的，屏蔽线比非屏蔽线价格及安装成本要高一些，线缆弯曲性能稍差。六类线及之前的屏蔽系统多采用这种形式。<br />
&nbsp;&nbsp;&nbsp;&nbsp;&nbsp; 
(3)独立屏蔽双绞线STP，每一对线都有一个铝箔屏蔽层，四对线合在一起还有一个公共的金属编织屏蔽层，这是七类线的标准结构。它适用于高速网络的应
用，提供高度保密的传输，支持未来的新型应用，有助于统一当前网络应用的布线平台，使得从电子邮件到多媒体视频的各种信息，都可以在同一套高速系统中传
输。<strong><a href="http://www.naite.com.cn/" target="_blank">大连综合布线</a></strong><br />
&nbsp;&nbsp;&nbsp;&nbsp; &nbsp;额外的屏蔽层使得七类线有一个较大的线径，这些特点要求在设计安装路由和端接空间时要特别小心，要留有很大的空间和较大的弯曲半径，目前康宁公司已经在中国推出了7类布线系统。<br />
&nbsp;&nbsp;&nbsp;&nbsp;&nbsp; 
早在1997年布线标准化机构和制造商就已经提出了七类铜缆布线系统的构想，其中康宁公司在1997年发布了600MHZ的七类布线。它能提供至少
500MHz的综合衰减对串扰比和600MHz的整体带宽，其连接头要求在600MHz时所有的线对提供至少60dB的综合近端串绕。而超五类系统只要求
在100MHz提供43dB，六类在250MHz的数值为46dB.<br />
&nbsp;&nbsp;&nbsp;&nbsp;&nbsp; 
而且，由于其绝佳的屏蔽设计和高带宽，一个典型的七类信道甚至可以同时提供一对线862MHz的带宽用于传输有线电视信号，在另外一个线对传输模拟音频信
号，然后在第三、四线对传输高速局域网信息。这种应用在目前是无法想象的，但不久的将由七类布线系统实现，目前美国康宁公司推出的七类布线系统已经领先业
界达到了1200MHz的带宽。<br />
&nbsp;&nbsp;&nbsp;&nbsp;&nbsp; 
与光纤局域网相比，七类系统的解决方案提供了希望的性能和带宽，但其总体成本只是光纤的几分之一。有些人会认为光纤系统可以给人们带来足够多的带宽，并且
光缆与七类线缆价格接近。但是，如果考虑到光纤路由器、光交换机和光网卡的成本因素，光纤的价格优势就会很快地丧失。<br />
&nbsp;&nbsp;&nbsp;&nbsp;&nbsp; (4)光缆尤其是单模光缆可用于高速网络传输，并有先天电磁干扰免疫、可靠性强、支持远距离传输等优点，是未来理想的网络传输介质，其地位日益重要。但是光缆设备、材料和端接成本都比较昂贵，安装也相对复杂，故一般适宜用于长距离和大容量的布线。<strong><a href="http://www.naite.com.cn/" target="_blank">大连综合布线</a></strong><br />
目前62.5/125μm多模光缆已经在综合布线主干系统中成为主流布线介质，在水平系统中的应用也变得日益广泛，康宁公司目前已经推出了全套光纤到桌面的光缆布线系统，并于今年5月份正式推出10G光缆布线系统。<br />
&nbsp;&nbsp;&nbsp;&nbsp;&nbsp; 新版本的TIA/EIA-568-B.3规定了光纤、连接硬件以及光纤跳线的机械特性和传输性能。与568-A相比，其最显著的增强在于认可50/125μm多模光纤，以及除了SC连接器外，还认可小型元件(SFF)光纤连接器作为工作区的连接器。<br />
允许使用SFF连接器给终端用户带来了许多好处，比如，SC连接器较大的尺寸无法支持设备接口朝高密度方向发展的工业趋势，而采用SFF连接器可以非常容易地在与RJ-45相同的空间内连接两芯光纤。<br />
&nbsp;&nbsp;&nbsp;&nbsp;&nbsp; 由于TIA对SFF光纤连接器的认可，光纤设备制造厂商如CISCO、3Com、IBM等已经将这些接口设计融合到他们的产品中。<strong><a href="http://www.naite.com.cn/" target="_blank">大连综合布线</a></strong>',N'0',N'False',N'False',N'',N'综合布线与光缆各具有什么优势',N'综合布线与光缆各具有什么优势',N'2015/1/9 2:43:07',N'2015/1/9 2:43:07',N'1',N'True',N'0',N'9e427874-0b00-4a21-87c9-11d89cbf569e',N'',N'',N'',N'1',N'False',N'1',N'6')
insert into [Nt_Article]([Title],[Author],[Source],[Short],[Body],[Rating],[SetTop],[Recommended],[PictureUrl],[SeoKeywords],[SeoDescription],[UpdatedDate],[CreatedDate],[UserId],[Display],[DisplayOrder],[Guid],[FileUrl],[FileName],[FileSize],[ArticleClassId],[Downloadable],[LanguageId],[Id])values(N'综合布线与光缆各具有什么优势-copy-copy-copy-copy-copy-copy',N'',N'',N'综合布线与光缆各具有什么优势',N'<p>
	综合布线过程中，不可或缺的是光纤光缆，那光缆有几种呢，各有什么优势?选择线缆类型应从线缆用途、要求的传输容量、传输带宽、价格等多方面综合考虑。线缆类型有非屏蔽双绞线、屏蔽双绞线、光缆三大类。<strong><a href="http://www.naite.com.cn" target="_blank">大连综合布线</a></strong>，首选奈特原动力，我们依托国内外一流品牌的优质产品，致力于政府、外企、教育、酒店、证券、电信等行业的计算机系统设计、系统集成、工程施工、硬件安装、网络调试及售后服务工作。本着诚信、合作、勤奋、节约的价值观，为用户提供一流的产品和服务。
</p>
在综合布线过程中，不可或缺的是光纤光缆，那光缆有几种呢，各有什么优势?<br />
选择线缆类型应从线缆用途、要求的传输容量、传输带宽、价格等多方面综合考虑。线缆类型有非屏蔽双绞线、屏蔽双绞线、光缆三大类。<br />
&nbsp;&nbsp;&nbsp;&nbsp;&nbsp; (1)非屏蔽双绞线UTP，是目前国内应用最多的布线系统，适用于传输带宽在250MHz以下，没有特殊性能要求的网络应用，其优点是整体性能不错、价格便宜、施工和维护比较方便。六类布线系统已经达到了非屏蔽双绞线的性能极限。<br />
&nbsp;&nbsp;&nbsp;&nbsp;&nbsp; (2)铝箔屏蔽的双绞线FTP，带宽较大、抗干扰性能强，具有低烟无卤的特点。相对的，屏蔽线比非屏蔽线价格及安装成本要高一些，线缆弯曲性能稍差。六类线及之前的屏蔽系统多采用这种形式。<br />
&nbsp;&nbsp;&nbsp;&nbsp;&nbsp; 
(3)独立屏蔽双绞线STP，每一对线都有一个铝箔屏蔽层，四对线合在一起还有一个公共的金属编织屏蔽层，这是七类线的标准结构。它适用于高速网络的应
用，提供高度保密的传输，支持未来的新型应用，有助于统一当前网络应用的布线平台，使得从电子邮件到多媒体视频的各种信息，都可以在同一套高速系统中传
输。<strong><a href="http://www.naite.com.cn/" target="_blank">大连综合布线</a></strong><br />
&nbsp;&nbsp;&nbsp;&nbsp; &nbsp;额外的屏蔽层使得七类线有一个较大的线径，这些特点要求在设计安装路由和端接空间时要特别小心，要留有很大的空间和较大的弯曲半径，目前康宁公司已经在中国推出了7类布线系统。<br />
&nbsp;&nbsp;&nbsp;&nbsp;&nbsp; 
早在1997年布线标准化机构和制造商就已经提出了七类铜缆布线系统的构想，其中康宁公司在1997年发布了600MHZ的七类布线。它能提供至少
500MHz的综合衰减对串扰比和600MHz的整体带宽，其连接头要求在600MHz时所有的线对提供至少60dB的综合近端串绕。而超五类系统只要求
在100MHz提供43dB，六类在250MHz的数值为46dB.<br />
&nbsp;&nbsp;&nbsp;&nbsp;&nbsp; 
而且，由于其绝佳的屏蔽设计和高带宽，一个典型的七类信道甚至可以同时提供一对线862MHz的带宽用于传输有线电视信号，在另外一个线对传输模拟音频信
号，然后在第三、四线对传输高速局域网信息。这种应用在目前是无法想象的，但不久的将由七类布线系统实现，目前美国康宁公司推出的七类布线系统已经领先业
界达到了1200MHz的带宽。<br />
&nbsp;&nbsp;&nbsp;&nbsp;&nbsp; 
与光纤局域网相比，七类系统的解决方案提供了希望的性能和带宽，但其总体成本只是光纤的几分之一。有些人会认为光纤系统可以给人们带来足够多的带宽，并且
光缆与七类线缆价格接近。但是，如果考虑到光纤路由器、光交换机和光网卡的成本因素，光纤的价格优势就会很快地丧失。<br />
&nbsp;&nbsp;&nbsp;&nbsp;&nbsp; (4)光缆尤其是单模光缆可用于高速网络传输，并有先天电磁干扰免疫、可靠性强、支持远距离传输等优点，是未来理想的网络传输介质，其地位日益重要。但是光缆设备、材料和端接成本都比较昂贵，安装也相对复杂，故一般适宜用于长距离和大容量的布线。<strong><a href="http://www.naite.com.cn/" target="_blank">大连综合布线</a></strong><br />
目前62.5/125μm多模光缆已经在综合布线主干系统中成为主流布线介质，在水平系统中的应用也变得日益广泛，康宁公司目前已经推出了全套光纤到桌面的光缆布线系统，并于今年5月份正式推出10G光缆布线系统。<br />
&nbsp;&nbsp;&nbsp;&nbsp;&nbsp; 新版本的TIA/EIA-568-B.3规定了光纤、连接硬件以及光纤跳线的机械特性和传输性能。与568-A相比，其最显著的增强在于认可50/125μm多模光纤，以及除了SC连接器外，还认可小型元件(SFF)光纤连接器作为工作区的连接器。<br />
允许使用SFF连接器给终端用户带来了许多好处，比如，SC连接器较大的尺寸无法支持设备接口朝高密度方向发展的工业趋势，而采用SFF连接器可以非常容易地在与RJ-45相同的空间内连接两芯光纤。<br />
&nbsp;&nbsp;&nbsp;&nbsp;&nbsp; 由于TIA对SFF光纤连接器的认可，光纤设备制造厂商如CISCO、3Com、IBM等已经将这些接口设计融合到他们的产品中。<strong><a href="http://www.naite.com.cn/" target="_blank">大连综合布线</a></strong>',N'0',N'False',N'False',N'',N'综合布线与光缆各具有什么优势',N'综合布线与光缆各具有什么优势',N'2015/1/9 2:43:07',N'2015/1/9 2:43:07',N'1',N'True',N'0',N'b67fa46a-0473-480c-9b26-bda508336691',N'',N'',N'',N'1',N'False',N'1',N'7')
insert into [Nt_Article]([Title],[Author],[Source],[Short],[Body],[Rating],[SetTop],[Recommended],[PictureUrl],[SeoKeywords],[SeoDescription],[UpdatedDate],[CreatedDate],[UserId],[Display],[DisplayOrder],[Guid],[FileUrl],[FileName],[FileSize],[ArticleClassId],[Downloadable],[LanguageId],[Id])values(N'综合布线与光缆各具有什么优势-copy-copy-copy-copy-copy-copy-copy',N'',N'',N'综合布线与光缆各具有什么优势',N'<p>
	综合布线过程中，不可或缺的是光纤光缆，那光缆有几种呢，各有什么优势?选择线缆类型应从线缆用途、要求的传输容量、传输带宽、价格等多方面综合考虑。线缆类型有非屏蔽双绞线、屏蔽双绞线、光缆三大类。<strong><a href="http://www.naite.com.cn" target="_blank">大连综合布线</a></strong>，首选奈特原动力，我们依托国内外一流品牌的优质产品，致力于政府、外企、教育、酒店、证券、电信等行业的计算机系统设计、系统集成、工程施工、硬件安装、网络调试及售后服务工作。本着诚信、合作、勤奋、节约的价值观，为用户提供一流的产品和服务。
</p>
在综合布线过程中，不可或缺的是光纤光缆，那光缆有几种呢，各有什么优势?<br />
选择线缆类型应从线缆用途、要求的传输容量、传输带宽、价格等多方面综合考虑。线缆类型有非屏蔽双绞线、屏蔽双绞线、光缆三大类。<br />
&nbsp;&nbsp;&nbsp;&nbsp;&nbsp; (1)非屏蔽双绞线UTP，是目前国内应用最多的布线系统，适用于传输带宽在250MHz以下，没有特殊性能要求的网络应用，其优点是整体性能不错、价格便宜、施工和维护比较方便。六类布线系统已经达到了非屏蔽双绞线的性能极限。<br />
&nbsp;&nbsp;&nbsp;&nbsp;&nbsp; (2)铝箔屏蔽的双绞线FTP，带宽较大、抗干扰性能强，具有低烟无卤的特点。相对的，屏蔽线比非屏蔽线价格及安装成本要高一些，线缆弯曲性能稍差。六类线及之前的屏蔽系统多采用这种形式。<br />
&nbsp;&nbsp;&nbsp;&nbsp;&nbsp; 
(3)独立屏蔽双绞线STP，每一对线都有一个铝箔屏蔽层，四对线合在一起还有一个公共的金属编织屏蔽层，这是七类线的标准结构。它适用于高速网络的应
用，提供高度保密的传输，支持未来的新型应用，有助于统一当前网络应用的布线平台，使得从电子邮件到多媒体视频的各种信息，都可以在同一套高速系统中传
输。<strong><a href="http://www.naite.com.cn/" target="_blank">大连综合布线</a></strong><br />
&nbsp;&nbsp;&nbsp;&nbsp; &nbsp;额外的屏蔽层使得七类线有一个较大的线径，这些特点要求在设计安装路由和端接空间时要特别小心，要留有很大的空间和较大的弯曲半径，目前康宁公司已经在中国推出了7类布线系统。<br />
&nbsp;&nbsp;&nbsp;&nbsp;&nbsp; 
早在1997年布线标准化机构和制造商就已经提出了七类铜缆布线系统的构想，其中康宁公司在1997年发布了600MHZ的七类布线。它能提供至少
500MHz的综合衰减对串扰比和600MHz的整体带宽，其连接头要求在600MHz时所有的线对提供至少60dB的综合近端串绕。而超五类系统只要求
在100MHz提供43dB，六类在250MHz的数值为46dB.<br />
&nbsp;&nbsp;&nbsp;&nbsp;&nbsp; 
而且，由于其绝佳的屏蔽设计和高带宽，一个典型的七类信道甚至可以同时提供一对线862MHz的带宽用于传输有线电视信号，在另外一个线对传输模拟音频信
号，然后在第三、四线对传输高速局域网信息。这种应用在目前是无法想象的，但不久的将由七类布线系统实现，目前美国康宁公司推出的七类布线系统已经领先业
界达到了1200MHz的带宽。<br />
&nbsp;&nbsp;&nbsp;&nbsp;&nbsp; 
与光纤局域网相比，七类系统的解决方案提供了希望的性能和带宽，但其总体成本只是光纤的几分之一。有些人会认为光纤系统可以给人们带来足够多的带宽，并且
光缆与七类线缆价格接近。但是，如果考虑到光纤路由器、光交换机和光网卡的成本因素，光纤的价格优势就会很快地丧失。<br />
&nbsp;&nbsp;&nbsp;&nbsp;&nbsp; (4)光缆尤其是单模光缆可用于高速网络传输，并有先天电磁干扰免疫、可靠性强、支持远距离传输等优点，是未来理想的网络传输介质，其地位日益重要。但是光缆设备、材料和端接成本都比较昂贵，安装也相对复杂，故一般适宜用于长距离和大容量的布线。<strong><a href="http://www.naite.com.cn/" target="_blank">大连综合布线</a></strong><br />
目前62.5/125μm多模光缆已经在综合布线主干系统中成为主流布线介质，在水平系统中的应用也变得日益广泛，康宁公司目前已经推出了全套光纤到桌面的光缆布线系统，并于今年5月份正式推出10G光缆布线系统。<br />
&nbsp;&nbsp;&nbsp;&nbsp;&nbsp; 新版本的TIA/EIA-568-B.3规定了光纤、连接硬件以及光纤跳线的机械特性和传输性能。与568-A相比，其最显著的增强在于认可50/125μm多模光纤，以及除了SC连接器外，还认可小型元件(SFF)光纤连接器作为工作区的连接器。<br />
允许使用SFF连接器给终端用户带来了许多好处，比如，SC连接器较大的尺寸无法支持设备接口朝高密度方向发展的工业趋势，而采用SFF连接器可以非常容易地在与RJ-45相同的空间内连接两芯光纤。<br />
&nbsp;&nbsp;&nbsp;&nbsp;&nbsp; 由于TIA对SFF光纤连接器的认可，光纤设备制造厂商如CISCO、3Com、IBM等已经将这些接口设计融合到他们的产品中。<strong><a href="http://www.naite.com.cn/" target="_blank">大连综合布线</a></strong>',N'0',N'False',N'False',N'',N'综合布线与光缆各具有什么优势',N'综合布线与光缆各具有什么优势',N'2015/1/9 2:43:07',N'2015/1/9 2:43:07',N'1',N'True',N'0',N'fa0cf89f-f5cc-45f2-a7c1-53918da06e8d',N'',N'',N'',N'1',N'False',N'1',N'8')
insert into [Nt_Article]([Title],[Author],[Source],[Short],[Body],[Rating],[SetTop],[Recommended],[PictureUrl],[SeoKeywords],[SeoDescription],[UpdatedDate],[CreatedDate],[UserId],[Display],[DisplayOrder],[Guid],[FileUrl],[FileName],[FileSize],[ArticleClassId],[Downloadable],[LanguageId],[Id])values(N'综合布线与光缆各具有什么优势-copy-copy-copy-copy-copy-copy-copy-copy',N'',N'',N'综合布线与光缆各具有什么优势',N'<p>
	综合布线过程中，不可或缺的是光纤光缆，那光缆有几种呢，各有什么优势?选择线缆类型应从线缆用途、要求的传输容量、传输带宽、价格等多方面综合考虑。线缆类型有非屏蔽双绞线、屏蔽双绞线、光缆三大类。<strong><a href="http://www.naite.com.cn" target="_blank">大连综合布线</a></strong>，首选奈特原动力，我们依托国内外一流品牌的优质产品，致力于政府、外企、教育、酒店、证券、电信等行业的计算机系统设计、系统集成、工程施工、硬件安装、网络调试及售后服务工作。本着诚信、合作、勤奋、节约的价值观，为用户提供一流的产品和服务。
</p>
在综合布线过程中，不可或缺的是光纤光缆，那光缆有几种呢，各有什么优势?<br />
选择线缆类型应从线缆用途、要求的传输容量、传输带宽、价格等多方面综合考虑。线缆类型有非屏蔽双绞线、屏蔽双绞线、光缆三大类。<br />
&nbsp;&nbsp;&nbsp;&nbsp;&nbsp; (1)非屏蔽双绞线UTP，是目前国内应用最多的布线系统，适用于传输带宽在250MHz以下，没有特殊性能要求的网络应用，其优点是整体性能不错、价格便宜、施工和维护比较方便。六类布线系统已经达到了非屏蔽双绞线的性能极限。<br />
&nbsp;&nbsp;&nbsp;&nbsp;&nbsp; (2)铝箔屏蔽的双绞线FTP，带宽较大、抗干扰性能强，具有低烟无卤的特点。相对的，屏蔽线比非屏蔽线价格及安装成本要高一些，线缆弯曲性能稍差。六类线及之前的屏蔽系统多采用这种形式。<br />
&nbsp;&nbsp;&nbsp;&nbsp;&nbsp; 
(3)独立屏蔽双绞线STP，每一对线都有一个铝箔屏蔽层，四对线合在一起还有一个公共的金属编织屏蔽层，这是七类线的标准结构。它适用于高速网络的应
用，提供高度保密的传输，支持未来的新型应用，有助于统一当前网络应用的布线平台，使得从电子邮件到多媒体视频的各种信息，都可以在同一套高速系统中传
输。<strong><a href="http://www.naite.com.cn/" target="_blank">大连综合布线</a></strong><br />
&nbsp;&nbsp;&nbsp;&nbsp; &nbsp;额外的屏蔽层使得七类线有一个较大的线径，这些特点要求在设计安装路由和端接空间时要特别小心，要留有很大的空间和较大的弯曲半径，目前康宁公司已经在中国推出了7类布线系统。<br />
&nbsp;&nbsp;&nbsp;&nbsp;&nbsp; 
早在1997年布线标准化机构和制造商就已经提出了七类铜缆布线系统的构想，其中康宁公司在1997年发布了600MHZ的七类布线。它能提供至少
500MHz的综合衰减对串扰比和600MHz的整体带宽，其连接头要求在600MHz时所有的线对提供至少60dB的综合近端串绕。而超五类系统只要求
在100MHz提供43dB，六类在250MHz的数值为46dB.<br />
&nbsp;&nbsp;&nbsp;&nbsp;&nbsp; 
而且，由于其绝佳的屏蔽设计和高带宽，一个典型的七类信道甚至可以同时提供一对线862MHz的带宽用于传输有线电视信号，在另外一个线对传输模拟音频信
号，然后在第三、四线对传输高速局域网信息。这种应用在目前是无法想象的，但不久的将由七类布线系统实现，目前美国康宁公司推出的七类布线系统已经领先业
界达到了1200MHz的带宽。<br />
&nbsp;&nbsp;&nbsp;&nbsp;&nbsp; 
与光纤局域网相比，七类系统的解决方案提供了希望的性能和带宽，但其总体成本只是光纤的几分之一。有些人会认为光纤系统可以给人们带来足够多的带宽，并且
光缆与七类线缆价格接近。但是，如果考虑到光纤路由器、光交换机和光网卡的成本因素，光纤的价格优势就会很快地丧失。<br />
&nbsp;&nbsp;&nbsp;&nbsp;&nbsp; (4)光缆尤其是单模光缆可用于高速网络传输，并有先天电磁干扰免疫、可靠性强、支持远距离传输等优点，是未来理想的网络传输介质，其地位日益重要。但是光缆设备、材料和端接成本都比较昂贵，安装也相对复杂，故一般适宜用于长距离和大容量的布线。<strong><a href="http://www.naite.com.cn/" target="_blank">大连综合布线</a></strong><br />
目前62.5/125μm多模光缆已经在综合布线主干系统中成为主流布线介质，在水平系统中的应用也变得日益广泛，康宁公司目前已经推出了全套光纤到桌面的光缆布线系统，并于今年5月份正式推出10G光缆布线系统。<br />
&nbsp;&nbsp;&nbsp;&nbsp;&nbsp; 新版本的TIA/EIA-568-B.3规定了光纤、连接硬件以及光纤跳线的机械特性和传输性能。与568-A相比，其最显著的增强在于认可50/125μm多模光纤，以及除了SC连接器外，还认可小型元件(SFF)光纤连接器作为工作区的连接器。<br />
允许使用SFF连接器给终端用户带来了许多好处，比如，SC连接器较大的尺寸无法支持设备接口朝高密度方向发展的工业趋势，而采用SFF连接器可以非常容易地在与RJ-45相同的空间内连接两芯光纤。<br />
&nbsp;&nbsp;&nbsp;&nbsp;&nbsp; 由于TIA对SFF光纤连接器的认可，光纤设备制造厂商如CISCO、3Com、IBM等已经将这些接口设计融合到他们的产品中。<strong><a href="http://www.naite.com.cn/" target="_blank">大连综合布线</a></strong>',N'0',N'False',N'False',N'',N'综合布线与光缆各具有什么优势',N'综合布线与光缆各具有什么优势',N'2015/1/9 2:43:07',N'2015/1/9 2:43:07',N'1',N'True',N'0',N'd90d97d9-ef1b-4b1e-85e1-fe535adf22c5',N'',N'',N'',N'1',N'False',N'1',N'9')
insert into [Nt_Article]([Title],[Author],[Source],[Short],[Body],[Rating],[SetTop],[Recommended],[PictureUrl],[SeoKeywords],[SeoDescription],[UpdatedDate],[CreatedDate],[UserId],[Display],[DisplayOrder],[Guid],[FileUrl],[FileName],[FileSize],[ArticleClassId],[Downloadable],[LanguageId],[Id])values(N'综合布线与光缆各具有什么优势-copy-copy-copy-copy-copy-copy-copy-copy-copy',N'',N'',N'综合布线与光缆各具有什么优势',N'<p>
	综合布线过程中，不可或缺的是光纤光缆，那光缆有几种呢，各有什么优势?选择线缆类型应从线缆用途、要求的传输容量、传输带宽、价格等多方面综合考虑。线缆类型有非屏蔽双绞线、屏蔽双绞线、光缆三大类。<strong><a href="http://www.naite.com.cn" target="_blank">大连综合布线</a></strong>，首选奈特原动力，我们依托国内外一流品牌的优质产品，致力于政府、外企、教育、酒店、证券、电信等行业的计算机系统设计、系统集成、工程施工、硬件安装、网络调试及售后服务工作。本着诚信、合作、勤奋、节约的价值观，为用户提供一流的产品和服务。
</p>
在综合布线过程中，不可或缺的是光纤光缆，那光缆有几种呢，各有什么优势?<br />
选择线缆类型应从线缆用途、要求的传输容量、传输带宽、价格等多方面综合考虑。线缆类型有非屏蔽双绞线、屏蔽双绞线、光缆三大类。<br />
&nbsp;&nbsp;&nbsp;&nbsp;&nbsp; (1)非屏蔽双绞线UTP，是目前国内应用最多的布线系统，适用于传输带宽在250MHz以下，没有特殊性能要求的网络应用，其优点是整体性能不错、价格便宜、施工和维护比较方便。六类布线系统已经达到了非屏蔽双绞线的性能极限。<br />
&nbsp;&nbsp;&nbsp;&nbsp;&nbsp; (2)铝箔屏蔽的双绞线FTP，带宽较大、抗干扰性能强，具有低烟无卤的特点。相对的，屏蔽线比非屏蔽线价格及安装成本要高一些，线缆弯曲性能稍差。六类线及之前的屏蔽系统多采用这种形式。<br />
&nbsp;&nbsp;&nbsp;&nbsp;&nbsp; 
(3)独立屏蔽双绞线STP，每一对线都有一个铝箔屏蔽层，四对线合在一起还有一个公共的金属编织屏蔽层，这是七类线的标准结构。它适用于高速网络的应
用，提供高度保密的传输，支持未来的新型应用，有助于统一当前网络应用的布线平台，使得从电子邮件到多媒体视频的各种信息，都可以在同一套高速系统中传
输。<strong><a href="http://www.naite.com.cn/" target="_blank">大连综合布线</a></strong><br />
&nbsp;&nbsp;&nbsp;&nbsp; &nbsp;额外的屏蔽层使得七类线有一个较大的线径，这些特点要求在设计安装路由和端接空间时要特别小心，要留有很大的空间和较大的弯曲半径，目前康宁公司已经在中国推出了7类布线系统。<br />
&nbsp;&nbsp;&nbsp;&nbsp;&nbsp; 
早在1997年布线标准化机构和制造商就已经提出了七类铜缆布线系统的构想，其中康宁公司在1997年发布了600MHZ的七类布线。它能提供至少
500MHz的综合衰减对串扰比和600MHz的整体带宽，其连接头要求在600MHz时所有的线对提供至少60dB的综合近端串绕。而超五类系统只要求
在100MHz提供43dB，六类在250MHz的数值为46dB.<br />
&nbsp;&nbsp;&nbsp;&nbsp;&nbsp; 
而且，由于其绝佳的屏蔽设计和高带宽，一个典型的七类信道甚至可以同时提供一对线862MHz的带宽用于传输有线电视信号，在另外一个线对传输模拟音频信
号，然后在第三、四线对传输高速局域网信息。这种应用在目前是无法想象的，但不久的将由七类布线系统实现，目前美国康宁公司推出的七类布线系统已经领先业
界达到了1200MHz的带宽。<br />
&nbsp;&nbsp;&nbsp;&nbsp;&nbsp; 
与光纤局域网相比，七类系统的解决方案提供了希望的性能和带宽，但其总体成本只是光纤的几分之一。有些人会认为光纤系统可以给人们带来足够多的带宽，并且
光缆与七类线缆价格接近。但是，如果考虑到光纤路由器、光交换机和光网卡的成本因素，光纤的价格优势就会很快地丧失。<br />
&nbsp;&nbsp;&nbsp;&nbsp;&nbsp; (4)光缆尤其是单模光缆可用于高速网络传输，并有先天电磁干扰免疫、可靠性强、支持远距离传输等优点，是未来理想的网络传输介质，其地位日益重要。但是光缆设备、材料和端接成本都比较昂贵，安装也相对复杂，故一般适宜用于长距离和大容量的布线。<strong><a href="http://www.naite.com.cn/" target="_blank">大连综合布线</a></strong><br />
目前62.5/125μm多模光缆已经在综合布线主干系统中成为主流布线介质，在水平系统中的应用也变得日益广泛，康宁公司目前已经推出了全套光纤到桌面的光缆布线系统，并于今年5月份正式推出10G光缆布线系统。<br />
&nbsp;&nbsp;&nbsp;&nbsp;&nbsp; 新版本的TIA/EIA-568-B.3规定了光纤、连接硬件以及光纤跳线的机械特性和传输性能。与568-A相比，其最显著的增强在于认可50/125μm多模光纤，以及除了SC连接器外，还认可小型元件(SFF)光纤连接器作为工作区的连接器。<br />
允许使用SFF连接器给终端用户带来了许多好处，比如，SC连接器较大的尺寸无法支持设备接口朝高密度方向发展的工业趋势，而采用SFF连接器可以非常容易地在与RJ-45相同的空间内连接两芯光纤。<br />
&nbsp;&nbsp;&nbsp;&nbsp;&nbsp; 由于TIA对SFF光纤连接器的认可，光纤设备制造厂商如CISCO、3Com、IBM等已经将这些接口设计融合到他们的产品中。<strong><a href="http://www.naite.com.cn/" target="_blank">大连综合布线</a></strong>',N'0',N'False',N'False',N'',N'综合布线与光缆各具有什么优势',N'综合布线与光缆各具有什么优势',N'2015/1/9 2:43:07',N'2015/1/9 2:43:07',N'1',N'True',N'0',N'364079f3-d627-45f8-9713-847125c67650',N'',N'',N'',N'1',N'False',N'1',N'10')
insert into [Nt_Article]([Title],[Author],[Source],[Short],[Body],[Rating],[SetTop],[Recommended],[PictureUrl],[SeoKeywords],[SeoDescription],[UpdatedDate],[CreatedDate],[UserId],[Display],[DisplayOrder],[Guid],[FileUrl],[FileName],[FileSize],[ArticleClassId],[Downloadable],[LanguageId],[Id])values(N'综合布线与光缆各具有什么优势-copy-copy-copy-copy-copy-copy-copy-copy-copy-copy',N'',N'',N'综合布线与光缆各具有什么优势',N'<p>
	综合布线过程中，不可或缺的是光纤光缆，那光缆有几种呢，各有什么优势?选择线缆类型应从线缆用途、要求的传输容量、传输带宽、价格等多方面综合考虑。线缆类型有非屏蔽双绞线、屏蔽双绞线、光缆三大类。<strong><a href="http://www.naite.com.cn" target="_blank">大连综合布线</a></strong>，首选奈特原动力，我们依托国内外一流品牌的优质产品，致力于政府、外企、教育、酒店、证券、电信等行业的计算机系统设计、系统集成、工程施工、硬件安装、网络调试及售后服务工作。本着诚信、合作、勤奋、节约的价值观，为用户提供一流的产品和服务。
</p>
在综合布线过程中，不可或缺的是光纤光缆，那光缆有几种呢，各有什么优势?<br />
选择线缆类型应从线缆用途、要求的传输容量、传输带宽、价格等多方面综合考虑。线缆类型有非屏蔽双绞线、屏蔽双绞线、光缆三大类。<br />
&nbsp;&nbsp;&nbsp;&nbsp;&nbsp; (1)非屏蔽双绞线UTP，是目前国内应用最多的布线系统，适用于传输带宽在250MHz以下，没有特殊性能要求的网络应用，其优点是整体性能不错、价格便宜、施工和维护比较方便。六类布线系统已经达到了非屏蔽双绞线的性能极限。<br />
&nbsp;&nbsp;&nbsp;&nbsp;&nbsp; (2)铝箔屏蔽的双绞线FTP，带宽较大、抗干扰性能强，具有低烟无卤的特点。相对的，屏蔽线比非屏蔽线价格及安装成本要高一些，线缆弯曲性能稍差。六类线及之前的屏蔽系统多采用这种形式。<br />
&nbsp;&nbsp;&nbsp;&nbsp;&nbsp; 
(3)独立屏蔽双绞线STP，每一对线都有一个铝箔屏蔽层，四对线合在一起还有一个公共的金属编织屏蔽层，这是七类线的标准结构。它适用于高速网络的应
用，提供高度保密的传输，支持未来的新型应用，有助于统一当前网络应用的布线平台，使得从电子邮件到多媒体视频的各种信息，都可以在同一套高速系统中传
输。<strong><a href="http://www.naite.com.cn/" target="_blank">大连综合布线</a></strong><br />
&nbsp;&nbsp;&nbsp;&nbsp; &nbsp;额外的屏蔽层使得七类线有一个较大的线径，这些特点要求在设计安装路由和端接空间时要特别小心，要留有很大的空间和较大的弯曲半径，目前康宁公司已经在中国推出了7类布线系统。<br />
&nbsp;&nbsp;&nbsp;&nbsp;&nbsp; 
早在1997年布线标准化机构和制造商就已经提出了七类铜缆布线系统的构想，其中康宁公司在1997年发布了600MHZ的七类布线。它能提供至少
500MHz的综合衰减对串扰比和600MHz的整体带宽，其连接头要求在600MHz时所有的线对提供至少60dB的综合近端串绕。而超五类系统只要求
在100MHz提供43dB，六类在250MHz的数值为46dB.<br />
&nbsp;&nbsp;&nbsp;&nbsp;&nbsp; 
而且，由于其绝佳的屏蔽设计和高带宽，一个典型的七类信道甚至可以同时提供一对线862MHz的带宽用于传输有线电视信号，在另外一个线对传输模拟音频信
号，然后在第三、四线对传输高速局域网信息。这种应用在目前是无法想象的，但不久的将由七类布线系统实现，目前美国康宁公司推出的七类布线系统已经领先业
界达到了1200MHz的带宽。<br />
&nbsp;&nbsp;&nbsp;&nbsp;&nbsp; 
与光纤局域网相比，七类系统的解决方案提供了希望的性能和带宽，但其总体成本只是光纤的几分之一。有些人会认为光纤系统可以给人们带来足够多的带宽，并且
光缆与七类线缆价格接近。但是，如果考虑到光纤路由器、光交换机和光网卡的成本因素，光纤的价格优势就会很快地丧失。<br />
&nbsp;&nbsp;&nbsp;&nbsp;&nbsp; (4)光缆尤其是单模光缆可用于高速网络传输，并有先天电磁干扰免疫、可靠性强、支持远距离传输等优点，是未来理想的网络传输介质，其地位日益重要。但是光缆设备、材料和端接成本都比较昂贵，安装也相对复杂，故一般适宜用于长距离和大容量的布线。<strong><a href="http://www.naite.com.cn/" target="_blank">大连综合布线</a></strong><br />
目前62.5/125μm多模光缆已经在综合布线主干系统中成为主流布线介质，在水平系统中的应用也变得日益广泛，康宁公司目前已经推出了全套光纤到桌面的光缆布线系统，并于今年5月份正式推出10G光缆布线系统。<br />
&nbsp;&nbsp;&nbsp;&nbsp;&nbsp; 新版本的TIA/EIA-568-B.3规定了光纤、连接硬件以及光纤跳线的机械特性和传输性能。与568-A相比，其最显著的增强在于认可50/125μm多模光纤，以及除了SC连接器外，还认可小型元件(SFF)光纤连接器作为工作区的连接器。<br />
允许使用SFF连接器给终端用户带来了许多好处，比如，SC连接器较大的尺寸无法支持设备接口朝高密度方向发展的工业趋势，而采用SFF连接器可以非常容易地在与RJ-45相同的空间内连接两芯光纤。<br />
&nbsp;&nbsp;&nbsp;&nbsp;&nbsp; 由于TIA对SFF光纤连接器的认可，光纤设备制造厂商如CISCO、3Com、IBM等已经将这些接口设计融合到他们的产品中。<strong><a href="http://www.naite.com.cn/" target="_blank">大连综合布线</a></strong>',N'0',N'False',N'False',N'',N'综合布线与光缆各具有什么优势',N'综合布线与光缆各具有什么优势',N'2015/1/9 2:43:07',N'2015/1/9 2:43:07',N'1',N'True',N'0',N'c647f948-89c2-43f2-8f65-107f5a4be636',N'',N'',N'',N'1',N'False',N'1',N'11')
insert into [Nt_Article]([Title],[Author],[Source],[Short],[Body],[Rating],[SetTop],[Recommended],[PictureUrl],[SeoKeywords],[SeoDescription],[UpdatedDate],[CreatedDate],[UserId],[Display],[DisplayOrder],[Guid],[FileUrl],[FileName],[FileSize],[ArticleClassId],[Downloadable],[LanguageId],[Id])values(N'综合布线与光缆各具有什么优势-copy-copy-copy-copy-copy-copy-copy-copy-copy-copy-copy',N'',N'',N'综合布线与光缆各具有什么优势',N'<p>
	综合布线过程中，不可或缺的是光纤光缆，那光缆有几种呢，各有什么优势?选择线缆类型应从线缆用途、要求的传输容量、传输带宽、价格等多方面综合考虑。线缆类型有非屏蔽双绞线、屏蔽双绞线、光缆三大类。<strong><a href="http://www.naite.com.cn" target="_blank">大连综合布线</a></strong>，首选奈特原动力，我们依托国内外一流品牌的优质产品，致力于政府、外企、教育、酒店、证券、电信等行业的计算机系统设计、系统集成、工程施工、硬件安装、网络调试及售后服务工作。本着诚信、合作、勤奋、节约的价值观，为用户提供一流的产品和服务。
</p>
在综合布线过程中，不可或缺的是光纤光缆，那光缆有几种呢，各有什么优势?<br />
选择线缆类型应从线缆用途、要求的传输容量、传输带宽、价格等多方面综合考虑。线缆类型有非屏蔽双绞线、屏蔽双绞线、光缆三大类。<br />
&nbsp;&nbsp;&nbsp;&nbsp;&nbsp; (1)非屏蔽双绞线UTP，是目前国内应用最多的布线系统，适用于传输带宽在250MHz以下，没有特殊性能要求的网络应用，其优点是整体性能不错、价格便宜、施工和维护比较方便。六类布线系统已经达到了非屏蔽双绞线的性能极限。<br />
&nbsp;&nbsp;&nbsp;&nbsp;&nbsp; (2)铝箔屏蔽的双绞线FTP，带宽较大、抗干扰性能强，具有低烟无卤的特点。相对的，屏蔽线比非屏蔽线价格及安装成本要高一些，线缆弯曲性能稍差。六类线及之前的屏蔽系统多采用这种形式。<br />
&nbsp;&nbsp;&nbsp;&nbsp;&nbsp; 
(3)独立屏蔽双绞线STP，每一对线都有一个铝箔屏蔽层，四对线合在一起还有一个公共的金属编织屏蔽层，这是七类线的标准结构。它适用于高速网络的应
用，提供高度保密的传输，支持未来的新型应用，有助于统一当前网络应用的布线平台，使得从电子邮件到多媒体视频的各种信息，都可以在同一套高速系统中传
输。<strong><a href="http://www.naite.com.cn/" target="_blank">大连综合布线</a></strong><br />
&nbsp;&nbsp;&nbsp;&nbsp; &nbsp;额外的屏蔽层使得七类线有一个较大的线径，这些特点要求在设计安装路由和端接空间时要特别小心，要留有很大的空间和较大的弯曲半径，目前康宁公司已经在中国推出了7类布线系统。<br />
&nbsp;&nbsp;&nbsp;&nbsp;&nbsp; 
早在1997年布线标准化机构和制造商就已经提出了七类铜缆布线系统的构想，其中康宁公司在1997年发布了600MHZ的七类布线。它能提供至少
500MHz的综合衰减对串扰比和600MHz的整体带宽，其连接头要求在600MHz时所有的线对提供至少60dB的综合近端串绕。而超五类系统只要求
在100MHz提供43dB，六类在250MHz的数值为46dB.<br />
&nbsp;&nbsp;&nbsp;&nbsp;&nbsp; 
而且，由于其绝佳的屏蔽设计和高带宽，一个典型的七类信道甚至可以同时提供一对线862MHz的带宽用于传输有线电视信号，在另外一个线对传输模拟音频信
号，然后在第三、四线对传输高速局域网信息。这种应用在目前是无法想象的，但不久的将由七类布线系统实现，目前美国康宁公司推出的七类布线系统已经领先业
界达到了1200MHz的带宽。<br />
&nbsp;&nbsp;&nbsp;&nbsp;&nbsp; 
与光纤局域网相比，七类系统的解决方案提供了希望的性能和带宽，但其总体成本只是光纤的几分之一。有些人会认为光纤系统可以给人们带来足够多的带宽，并且
光缆与七类线缆价格接近。但是，如果考虑到光纤路由器、光交换机和光网卡的成本因素，光纤的价格优势就会很快地丧失。<br />
&nbsp;&nbsp;&nbsp;&nbsp;&nbsp; (4)光缆尤其是单模光缆可用于高速网络传输，并有先天电磁干扰免疫、可靠性强、支持远距离传输等优点，是未来理想的网络传输介质，其地位日益重要。但是光缆设备、材料和端接成本都比较昂贵，安装也相对复杂，故一般适宜用于长距离和大容量的布线。<strong><a href="http://www.naite.com.cn/" target="_blank">大连综合布线</a></strong><br />
目前62.5/125μm多模光缆已经在综合布线主干系统中成为主流布线介质，在水平系统中的应用也变得日益广泛，康宁公司目前已经推出了全套光纤到桌面的光缆布线系统，并于今年5月份正式推出10G光缆布线系统。<br />
&nbsp;&nbsp;&nbsp;&nbsp;&nbsp; 新版本的TIA/EIA-568-B.3规定了光纤、连接硬件以及光纤跳线的机械特性和传输性能。与568-A相比，其最显著的增强在于认可50/125μm多模光纤，以及除了SC连接器外，还认可小型元件(SFF)光纤连接器作为工作区的连接器。<br />
允许使用SFF连接器给终端用户带来了许多好处，比如，SC连接器较大的尺寸无法支持设备接口朝高密度方向发展的工业趋势，而采用SFF连接器可以非常容易地在与RJ-45相同的空间内连接两芯光纤。<br />
&nbsp;&nbsp;&nbsp;&nbsp;&nbsp; 由于TIA对SFF光纤连接器的认可，光纤设备制造厂商如CISCO、3Com、IBM等已经将这些接口设计融合到他们的产品中。<strong><a href="http://www.naite.com.cn/" target="_blank">大连综合布线</a></strong>',N'0',N'False',N'False',N'',N'综合布线与光缆各具有什么优势',N'综合布线与光缆各具有什么优势',N'2015/1/9 2:43:07',N'2015/1/9 2:43:07',N'1',N'True',N'0',N'5b29acf8-0da2-42cf-967f-33ba5478db4e',N'',N'',N'',N'1',N'False',N'1',N'12')
insert into [Nt_Article]([Title],[Author],[Source],[Short],[Body],[Rating],[SetTop],[Recommended],[PictureUrl],[SeoKeywords],[SeoDescription],[UpdatedDate],[CreatedDate],[UserId],[Display],[DisplayOrder],[Guid],[FileUrl],[FileName],[FileSize],[ArticleClassId],[Downloadable],[LanguageId],[Id])values(N'综合布线与光缆各具有什么优势-copy-copy-copy-copy-copy-copy-copy-copy-copy-copy-copy-copy',N'',N'',N'综合布线与光缆各具有什么优势',N'<p>
	综合布线过程中，不可或缺的是光纤光缆，那光缆有几种呢，各有什么优势?选择线缆类型应从线缆用途、要求的传输容量、传输带宽、价格等多方面综合考虑。线缆类型有非屏蔽双绞线、屏蔽双绞线、光缆三大类。<strong><a href="http://www.naite.com.cn" target="_blank">大连综合布线</a></strong>，首选奈特原动力，我们依托国内外一流品牌的优质产品，致力于政府、外企、教育、酒店、证券、电信等行业的计算机系统设计、系统集成、工程施工、硬件安装、网络调试及售后服务工作。本着诚信、合作、勤奋、节约的价值观，为用户提供一流的产品和服务。
</p>
在综合布线过程中，不可或缺的是光纤光缆，那光缆有几种呢，各有什么优势?<br />
选择线缆类型应从线缆用途、要求的传输容量、传输带宽、价格等多方面综合考虑。线缆类型有非屏蔽双绞线、屏蔽双绞线、光缆三大类。<br />
&nbsp;&nbsp;&nbsp;&nbsp;&nbsp; (1)非屏蔽双绞线UTP，是目前国内应用最多的布线系统，适用于传输带宽在250MHz以下，没有特殊性能要求的网络应用，其优点是整体性能不错、价格便宜、施工和维护比较方便。六类布线系统已经达到了非屏蔽双绞线的性能极限。<br />
&nbsp;&nbsp;&nbsp;&nbsp;&nbsp; (2)铝箔屏蔽的双绞线FTP，带宽较大、抗干扰性能强，具有低烟无卤的特点。相对的，屏蔽线比非屏蔽线价格及安装成本要高一些，线缆弯曲性能稍差。六类线及之前的屏蔽系统多采用这种形式。<br />
&nbsp;&nbsp;&nbsp;&nbsp;&nbsp; 
(3)独立屏蔽双绞线STP，每一对线都有一个铝箔屏蔽层，四对线合在一起还有一个公共的金属编织屏蔽层，这是七类线的标准结构。它适用于高速网络的应
用，提供高度保密的传输，支持未来的新型应用，有助于统一当前网络应用的布线平台，使得从电子邮件到多媒体视频的各种信息，都可以在同一套高速系统中传
输。<strong><a href="http://www.naite.com.cn/" target="_blank">大连综合布线</a></strong><br />
&nbsp;&nbsp;&nbsp;&nbsp; &nbsp;额外的屏蔽层使得七类线有一个较大的线径，这些特点要求在设计安装路由和端接空间时要特别小心，要留有很大的空间和较大的弯曲半径，目前康宁公司已经在中国推出了7类布线系统。<br />
&nbsp;&nbsp;&nbsp;&nbsp;&nbsp; 
早在1997年布线标准化机构和制造商就已经提出了七类铜缆布线系统的构想，其中康宁公司在1997年发布了600MHZ的七类布线。它能提供至少
500MHz的综合衰减对串扰比和600MHz的整体带宽，其连接头要求在600MHz时所有的线对提供至少60dB的综合近端串绕。而超五类系统只要求
在100MHz提供43dB，六类在250MHz的数值为46dB.<br />
&nbsp;&nbsp;&nbsp;&nbsp;&nbsp; 
而且，由于其绝佳的屏蔽设计和高带宽，一个典型的七类信道甚至可以同时提供一对线862MHz的带宽用于传输有线电视信号，在另外一个线对传输模拟音频信
号，然后在第三、四线对传输高速局域网信息。这种应用在目前是无法想象的，但不久的将由七类布线系统实现，目前美国康宁公司推出的七类布线系统已经领先业
界达到了1200MHz的带宽。<br />
&nbsp;&nbsp;&nbsp;&nbsp;&nbsp; 
与光纤局域网相比，七类系统的解决方案提供了希望的性能和带宽，但其总体成本只是光纤的几分之一。有些人会认为光纤系统可以给人们带来足够多的带宽，并且
光缆与七类线缆价格接近。但是，如果考虑到光纤路由器、光交换机和光网卡的成本因素，光纤的价格优势就会很快地丧失。<br />
&nbsp;&nbsp;&nbsp;&nbsp;&nbsp; (4)光缆尤其是单模光缆可用于高速网络传输，并有先天电磁干扰免疫、可靠性强、支持远距离传输等优点，是未来理想的网络传输介质，其地位日益重要。但是光缆设备、材料和端接成本都比较昂贵，安装也相对复杂，故一般适宜用于长距离和大容量的布线。<strong><a href="http://www.naite.com.cn/" target="_blank">大连综合布线</a></strong><br />
目前62.5/125μm多模光缆已经在综合布线主干系统中成为主流布线介质，在水平系统中的应用也变得日益广泛，康宁公司目前已经推出了全套光纤到桌面的光缆布线系统，并于今年5月份正式推出10G光缆布线系统。<br />
&nbsp;&nbsp;&nbsp;&nbsp;&nbsp; 新版本的TIA/EIA-568-B.3规定了光纤、连接硬件以及光纤跳线的机械特性和传输性能。与568-A相比，其最显著的增强在于认可50/125μm多模光纤，以及除了SC连接器外，还认可小型元件(SFF)光纤连接器作为工作区的连接器。<br />
允许使用SFF连接器给终端用户带来了许多好处，比如，SC连接器较大的尺寸无法支持设备接口朝高密度方向发展的工业趋势，而采用SFF连接器可以非常容易地在与RJ-45相同的空间内连接两芯光纤。<br />
&nbsp;&nbsp;&nbsp;&nbsp;&nbsp; 由于TIA对SFF光纤连接器的认可，光纤设备制造厂商如CISCO、3Com、IBM等已经将这些接口设计融合到他们的产品中。<strong><a href="http://www.naite.com.cn/" target="_blank">大连综合布线</a></strong>',N'0',N'False',N'False',N'',N'综合布线与光缆各具有什么优势',N'综合布线与光缆各具有什么优势',N'2015/1/9 2:43:07',N'2015/1/9 2:43:07',N'1',N'True',N'0',N'7ee6022a-8cff-4137-b50e-c74ba2bcee9f',N'',N'',N'',N'1',N'False',N'1',N'13')
insert into [Nt_Article]([Title],[Author],[Source],[Short],[Body],[Rating],[SetTop],[Recommended],[PictureUrl],[SeoKeywords],[SeoDescription],[UpdatedDate],[CreatedDate],[UserId],[Display],[DisplayOrder],[Guid],[FileUrl],[FileName],[FileSize],[ArticleClassId],[Downloadable],[LanguageId],[Id])values(N'综合布线与光缆各具有什么优势-copy-copy-copy-copy-copy-copy-copy-copy-copy-copy-copy-copy-copy',N'',N'',N'综合布线与光缆各具有什么优势',N'<p>
	综合布线过程中，不可或缺的是光纤光缆，那光缆有几种呢，各有什么优势?选择线缆类型应从线缆用途、要求的传输容量、传输带宽、价格等多方面综合考虑。线缆类型有非屏蔽双绞线、屏蔽双绞线、光缆三大类。<strong><a href="http://www.naite.com.cn" target="_blank">大连综合布线</a></strong>，首选奈特原动力，我们依托国内外一流品牌的优质产品，致力于政府、外企、教育、酒店、证券、电信等行业的计算机系统设计、系统集成、工程施工、硬件安装、网络调试及售后服务工作。本着诚信、合作、勤奋、节约的价值观，为用户提供一流的产品和服务。
</p>
在综合布线过程中，不可或缺的是光纤光缆，那光缆有几种呢，各有什么优势?<br />
选择线缆类型应从线缆用途、要求的传输容量、传输带宽、价格等多方面综合考虑。线缆类型有非屏蔽双绞线、屏蔽双绞线、光缆三大类。<br />
&nbsp;&nbsp;&nbsp;&nbsp;&nbsp; (1)非屏蔽双绞线UTP，是目前国内应用最多的布线系统，适用于传输带宽在250MHz以下，没有特殊性能要求的网络应用，其优点是整体性能不错、价格便宜、施工和维护比较方便。六类布线系统已经达到了非屏蔽双绞线的性能极限。<br />
&nbsp;&nbsp;&nbsp;&nbsp;&nbsp; (2)铝箔屏蔽的双绞线FTP，带宽较大、抗干扰性能强，具有低烟无卤的特点。相对的，屏蔽线比非屏蔽线价格及安装成本要高一些，线缆弯曲性能稍差。六类线及之前的屏蔽系统多采用这种形式。<br />
&nbsp;&nbsp;&nbsp;&nbsp;&nbsp; 
(3)独立屏蔽双绞线STP，每一对线都有一个铝箔屏蔽层，四对线合在一起还有一个公共的金属编织屏蔽层，这是七类线的标准结构。它适用于高速网络的应
用，提供高度保密的传输，支持未来的新型应用，有助于统一当前网络应用的布线平台，使得从电子邮件到多媒体视频的各种信息，都可以在同一套高速系统中传
输。<strong><a href="http://www.naite.com.cn/" target="_blank">大连综合布线</a></strong><br />
&nbsp;&nbsp;&nbsp;&nbsp; &nbsp;额外的屏蔽层使得七类线有一个较大的线径，这些特点要求在设计安装路由和端接空间时要特别小心，要留有很大的空间和较大的弯曲半径，目前康宁公司已经在中国推出了7类布线系统。<br />
&nbsp;&nbsp;&nbsp;&nbsp;&nbsp; 
早在1997年布线标准化机构和制造商就已经提出了七类铜缆布线系统的构想，其中康宁公司在1997年发布了600MHZ的七类布线。它能提供至少
500MHz的综合衰减对串扰比和600MHz的整体带宽，其连接头要求在600MHz时所有的线对提供至少60dB的综合近端串绕。而超五类系统只要求
在100MHz提供43dB，六类在250MHz的数值为46dB.<br />
&nbsp;&nbsp;&nbsp;&nbsp;&nbsp; 
而且，由于其绝佳的屏蔽设计和高带宽，一个典型的七类信道甚至可以同时提供一对线862MHz的带宽用于传输有线电视信号，在另外一个线对传输模拟音频信
号，然后在第三、四线对传输高速局域网信息。这种应用在目前是无法想象的，但不久的将由七类布线系统实现，目前美国康宁公司推出的七类布线系统已经领先业
界达到了1200MHz的带宽。<br />
&nbsp;&nbsp;&nbsp;&nbsp;&nbsp; 
与光纤局域网相比，七类系统的解决方案提供了希望的性能和带宽，但其总体成本只是光纤的几分之一。有些人会认为光纤系统可以给人们带来足够多的带宽，并且
光缆与七类线缆价格接近。但是，如果考虑到光纤路由器、光交换机和光网卡的成本因素，光纤的价格优势就会很快地丧失。<br />
&nbsp;&nbsp;&nbsp;&nbsp;&nbsp; (4)光缆尤其是单模光缆可用于高速网络传输，并有先天电磁干扰免疫、可靠性强、支持远距离传输等优点，是未来理想的网络传输介质，其地位日益重要。但是光缆设备、材料和端接成本都比较昂贵，安装也相对复杂，故一般适宜用于长距离和大容量的布线。<strong><a href="http://www.naite.com.cn/" target="_blank">大连综合布线</a></strong><br />
目前62.5/125μm多模光缆已经在综合布线主干系统中成为主流布线介质，在水平系统中的应用也变得日益广泛，康宁公司目前已经推出了全套光纤到桌面的光缆布线系统，并于今年5月份正式推出10G光缆布线系统。<br />
&nbsp;&nbsp;&nbsp;&nbsp;&nbsp; 新版本的TIA/EIA-568-B.3规定了光纤、连接硬件以及光纤跳线的机械特性和传输性能。与568-A相比，其最显著的增强在于认可50/125μm多模光纤，以及除了SC连接器外，还认可小型元件(SFF)光纤连接器作为工作区的连接器。<br />
允许使用SFF连接器给终端用户带来了许多好处，比如，SC连接器较大的尺寸无法支持设备接口朝高密度方向发展的工业趋势，而采用SFF连接器可以非常容易地在与RJ-45相同的空间内连接两芯光纤。<br />
&nbsp;&nbsp;&nbsp;&nbsp;&nbsp; 由于TIA对SFF光纤连接器的认可，光纤设备制造厂商如CISCO、3Com、IBM等已经将这些接口设计融合到他们的产品中。<strong><a href="http://www.naite.com.cn/" target="_blank">大连综合布线</a></strong>',N'0',N'False',N'False',N'',N'综合布线与光缆各具有什么优势',N'综合布线与光缆各具有什么优势',N'2015/1/9 2:43:07',N'2015/1/9 2:43:07',N'1',N'True',N'0',N'1b6776a4-0761-4249-a9d4-e002bf2011f1',N'',N'',N'',N'1',N'False',N'1',N'14')
insert into [Nt_Article]([Title],[Author],[Source],[Short],[Body],[Rating],[SetTop],[Recommended],[PictureUrl],[SeoKeywords],[SeoDescription],[UpdatedDate],[CreatedDate],[UserId],[Display],[DisplayOrder],[Guid],[FileUrl],[FileName],[FileSize],[ArticleClassId],[Downloadable],[LanguageId],[Id])values(N'综合布线与光缆各具有什么优势-copy-copy-copy-copy-copy-copy-copy-copy-copy-copy-copy-copy-copy-copy',N'',N'',N'综合布线与光缆各具有什么优势',N'<p>
	综合布线过程中，不可或缺的是光纤光缆，那光缆有几种呢，各有什么优势?选择线缆类型应从线缆用途、要求的传输容量、传输带宽、价格等多方面综合考虑。线缆类型有非屏蔽双绞线、屏蔽双绞线、光缆三大类。<strong><a href="http://www.naite.com.cn" target="_blank">大连综合布线</a></strong>，首选奈特原动力，我们依托国内外一流品牌的优质产品，致力于政府、外企、教育、酒店、证券、电信等行业的计算机系统设计、系统集成、工程施工、硬件安装、网络调试及售后服务工作。本着诚信、合作、勤奋、节约的价值观，为用户提供一流的产品和服务。
</p>
在综合布线过程中，不可或缺的是光纤光缆，那光缆有几种呢，各有什么优势?<br />
选择线缆类型应从线缆用途、要求的传输容量、传输带宽、价格等多方面综合考虑。线缆类型有非屏蔽双绞线、屏蔽双绞线、光缆三大类。<br />
&nbsp;&nbsp;&nbsp;&nbsp;&nbsp; (1)非屏蔽双绞线UTP，是目前国内应用最多的布线系统，适用于传输带宽在250MHz以下，没有特殊性能要求的网络应用，其优点是整体性能不错、价格便宜、施工和维护比较方便。六类布线系统已经达到了非屏蔽双绞线的性能极限。<br />
&nbsp;&nbsp;&nbsp;&nbsp;&nbsp; (2)铝箔屏蔽的双绞线FTP，带宽较大、抗干扰性能强，具有低烟无卤的特点。相对的，屏蔽线比非屏蔽线价格及安装成本要高一些，线缆弯曲性能稍差。六类线及之前的屏蔽系统多采用这种形式。<br />
&nbsp;&nbsp;&nbsp;&nbsp;&nbsp; 
(3)独立屏蔽双绞线STP，每一对线都有一个铝箔屏蔽层，四对线合在一起还有一个公共的金属编织屏蔽层，这是七类线的标准结构。它适用于高速网络的应
用，提供高度保密的传输，支持未来的新型应用，有助于统一当前网络应用的布线平台，使得从电子邮件到多媒体视频的各种信息，都可以在同一套高速系统中传
输。<strong><a href="http://www.naite.com.cn/" target="_blank">大连综合布线</a></strong><br />
&nbsp;&nbsp;&nbsp;&nbsp; &nbsp;额外的屏蔽层使得七类线有一个较大的线径，这些特点要求在设计安装路由和端接空间时要特别小心，要留有很大的空间和较大的弯曲半径，目前康宁公司已经在中国推出了7类布线系统。<br />
&nbsp;&nbsp;&nbsp;&nbsp;&nbsp; 
早在1997年布线标准化机构和制造商就已经提出了七类铜缆布线系统的构想，其中康宁公司在1997年发布了600MHZ的七类布线。它能提供至少
500MHz的综合衰减对串扰比和600MHz的整体带宽，其连接头要求在600MHz时所有的线对提供至少60dB的综合近端串绕。而超五类系统只要求
在100MHz提供43dB，六类在250MHz的数值为46dB.<br />
&nbsp;&nbsp;&nbsp;&nbsp;&nbsp; 
而且，由于其绝佳的屏蔽设计和高带宽，一个典型的七类信道甚至可以同时提供一对线862MHz的带宽用于传输有线电视信号，在另外一个线对传输模拟音频信
号，然后在第三、四线对传输高速局域网信息。这种应用在目前是无法想象的，但不久的将由七类布线系统实现，目前美国康宁公司推出的七类布线系统已经领先业
界达到了1200MHz的带宽。<br />
&nbsp;&nbsp;&nbsp;&nbsp;&nbsp; 
与光纤局域网相比，七类系统的解决方案提供了希望的性能和带宽，但其总体成本只是光纤的几分之一。有些人会认为光纤系统可以给人们带来足够多的带宽，并且
光缆与七类线缆价格接近。但是，如果考虑到光纤路由器、光交换机和光网卡的成本因素，光纤的价格优势就会很快地丧失。<br />
&nbsp;&nbsp;&nbsp;&nbsp;&nbsp; (4)光缆尤其是单模光缆可用于高速网络传输，并有先天电磁干扰免疫、可靠性强、支持远距离传输等优点，是未来理想的网络传输介质，其地位日益重要。但是光缆设备、材料和端接成本都比较昂贵，安装也相对复杂，故一般适宜用于长距离和大容量的布线。<strong><a href="http://www.naite.com.cn/" target="_blank">大连综合布线</a></strong><br />
目前62.5/125μm多模光缆已经在综合布线主干系统中成为主流布线介质，在水平系统中的应用也变得日益广泛，康宁公司目前已经推出了全套光纤到桌面的光缆布线系统，并于今年5月份正式推出10G光缆布线系统。<br />
&nbsp;&nbsp;&nbsp;&nbsp;&nbsp; 新版本的TIA/EIA-568-B.3规定了光纤、连接硬件以及光纤跳线的机械特性和传输性能。与568-A相比，其最显著的增强在于认可50/125μm多模光纤，以及除了SC连接器外，还认可小型元件(SFF)光纤连接器作为工作区的连接器。<br />
允许使用SFF连接器给终端用户带来了许多好处，比如，SC连接器较大的尺寸无法支持设备接口朝高密度方向发展的工业趋势，而采用SFF连接器可以非常容易地在与RJ-45相同的空间内连接两芯光纤。<br />
&nbsp;&nbsp;&nbsp;&nbsp;&nbsp; 由于TIA对SFF光纤连接器的认可，光纤设备制造厂商如CISCO、3Com、IBM等已经将这些接口设计融合到他们的产品中。<strong><a href="http://www.naite.com.cn/" target="_blank">大连综合布线</a></strong>',N'0',N'False',N'False',N'',N'综合布线与光缆各具有什么优势',N'综合布线与光缆各具有什么优势',N'2015/1/9 2:43:07',N'2015/1/9 2:43:07',N'1',N'True',N'0',N'00cd696f-d46f-4daf-a049-2f740b1085e7',N'',N'',N'',N'1',N'False',N'1',N'15')
insert into [Nt_Article]([Title],[Author],[Source],[Short],[Body],[Rating],[SetTop],[Recommended],[PictureUrl],[SeoKeywords],[SeoDescription],[UpdatedDate],[CreatedDate],[UserId],[Display],[DisplayOrder],[Guid],[FileUrl],[FileName],[FileSize],[ArticleClassId],[Downloadable],[LanguageId],[Id])values(N'综合布线与光缆各具有什么优势-copy-copy-copy-copy-copy-copy-copy-copy-copy-copy-copy-copy-copy-copy-copy',N'',N'',N'综合布线与光缆各具有什么优势',N'<p>
	综合布线过程中，不可或缺的是光纤光缆，那光缆有几种呢，各有什么优势?选择线缆类型应从线缆用途、要求的传输容量、传输带宽、价格等多方面综合考虑。线缆类型有非屏蔽双绞线、屏蔽双绞线、光缆三大类。<strong><a href="http://www.naite.com.cn" target="_blank">大连综合布线</a></strong>，首选奈特原动力，我们依托国内外一流品牌的优质产品，致力于政府、外企、教育、酒店、证券、电信等行业的计算机系统设计、系统集成、工程施工、硬件安装、网络调试及售后服务工作。本着诚信、合作、勤奋、节约的价值观，为用户提供一流的产品和服务。
</p>
在综合布线过程中，不可或缺的是光纤光缆，那光缆有几种呢，各有什么优势?<br />
选择线缆类型应从线缆用途、要求的传输容量、传输带宽、价格等多方面综合考虑。线缆类型有非屏蔽双绞线、屏蔽双绞线、光缆三大类。<br />
&nbsp;&nbsp;&nbsp;&nbsp;&nbsp; (1)非屏蔽双绞线UTP，是目前国内应用最多的布线系统，适用于传输带宽在250MHz以下，没有特殊性能要求的网络应用，其优点是整体性能不错、价格便宜、施工和维护比较方便。六类布线系统已经达到了非屏蔽双绞线的性能极限。<br />
&nbsp;&nbsp;&nbsp;&nbsp;&nbsp; (2)铝箔屏蔽的双绞线FTP，带宽较大、抗干扰性能强，具有低烟无卤的特点。相对的，屏蔽线比非屏蔽线价格及安装成本要高一些，线缆弯曲性能稍差。六类线及之前的屏蔽系统多采用这种形式。<br />
&nbsp;&nbsp;&nbsp;&nbsp;&nbsp; 
(3)独立屏蔽双绞线STP，每一对线都有一个铝箔屏蔽层，四对线合在一起还有一个公共的金属编织屏蔽层，这是七类线的标准结构。它适用于高速网络的应
用，提供高度保密的传输，支持未来的新型应用，有助于统一当前网络应用的布线平台，使得从电子邮件到多媒体视频的各种信息，都可以在同一套高速系统中传
输。<strong><a href="http://www.naite.com.cn/" target="_blank">大连综合布线</a></strong><br />
&nbsp;&nbsp;&nbsp;&nbsp; &nbsp;额外的屏蔽层使得七类线有一个较大的线径，这些特点要求在设计安装路由和端接空间时要特别小心，要留有很大的空间和较大的弯曲半径，目前康宁公司已经在中国推出了7类布线系统。<br />
&nbsp;&nbsp;&nbsp;&nbsp;&nbsp; 
早在1997年布线标准化机构和制造商就已经提出了七类铜缆布线系统的构想，其中康宁公司在1997年发布了600MHZ的七类布线。它能提供至少
500MHz的综合衰减对串扰比和600MHz的整体带宽，其连接头要求在600MHz时所有的线对提供至少60dB的综合近端串绕。而超五类系统只要求
在100MHz提供43dB，六类在250MHz的数值为46dB.<br />
&nbsp;&nbsp;&nbsp;&nbsp;&nbsp; 
而且，由于其绝佳的屏蔽设计和高带宽，一个典型的七类信道甚至可以同时提供一对线862MHz的带宽用于传输有线电视信号，在另外一个线对传输模拟音频信
号，然后在第三、四线对传输高速局域网信息。这种应用在目前是无法想象的，但不久的将由七类布线系统实现，目前美国康宁公司推出的七类布线系统已经领先业
界达到了1200MHz的带宽。<br />
&nbsp;&nbsp;&nbsp;&nbsp;&nbsp; 
与光纤局域网相比，七类系统的解决方案提供了希望的性能和带宽，但其总体成本只是光纤的几分之一。有些人会认为光纤系统可以给人们带来足够多的带宽，并且
光缆与七类线缆价格接近。但是，如果考虑到光纤路由器、光交换机和光网卡的成本因素，光纤的价格优势就会很快地丧失。<br />
&nbsp;&nbsp;&nbsp;&nbsp;&nbsp; (4)光缆尤其是单模光缆可用于高速网络传输，并有先天电磁干扰免疫、可靠性强、支持远距离传输等优点，是未来理想的网络传输介质，其地位日益重要。但是光缆设备、材料和端接成本都比较昂贵，安装也相对复杂，故一般适宜用于长距离和大容量的布线。<strong><a href="http://www.naite.com.cn/" target="_blank">大连综合布线</a></strong><br />
目前62.5/125μm多模光缆已经在综合布线主干系统中成为主流布线介质，在水平系统中的应用也变得日益广泛，康宁公司目前已经推出了全套光纤到桌面的光缆布线系统，并于今年5月份正式推出10G光缆布线系统。<br />
&nbsp;&nbsp;&nbsp;&nbsp;&nbsp; 新版本的TIA/EIA-568-B.3规定了光纤、连接硬件以及光纤跳线的机械特性和传输性能。与568-A相比，其最显著的增强在于认可50/125μm多模光纤，以及除了SC连接器外，还认可小型元件(SFF)光纤连接器作为工作区的连接器。<br />
允许使用SFF连接器给终端用户带来了许多好处，比如，SC连接器较大的尺寸无法支持设备接口朝高密度方向发展的工业趋势，而采用SFF连接器可以非常容易地在与RJ-45相同的空间内连接两芯光纤。<br />
&nbsp;&nbsp;&nbsp;&nbsp;&nbsp; 由于TIA对SFF光纤连接器的认可，光纤设备制造厂商如CISCO、3Com、IBM等已经将这些接口设计融合到他们的产品中。<strong><a href="http://www.naite.com.cn/" target="_blank">大连综合布线</a></strong>',N'0',N'False',N'False',N'',N'综合布线与光缆各具有什么优势',N'综合布线与光缆各具有什么优势',N'2015/1/9 2:43:07',N'2015/1/9 2:43:07',N'1',N'True',N'0',N'f22b2123-3f9a-48c6-aa07-25458f37a608',N'',N'',N'',N'1',N'False',N'1',N'16')
insert into [Nt_Article]([Title],[Author],[Source],[Short],[Body],[Rating],[SetTop],[Recommended],[PictureUrl],[SeoKeywords],[SeoDescription],[UpdatedDate],[CreatedDate],[UserId],[Display],[DisplayOrder],[Guid],[FileUrl],[FileName],[FileSize],[ArticleClassId],[Downloadable],[LanguageId],[Id])values(N'综合布线与光缆各具有什么优势-copy-copy-copy-copy-copy-copy-copy-copy-copy-copy-copy-copy-copy-copy-copy-copy',N'',N'',N'综合布线与光缆各具有什么优势',N'<p>
	综合布线过程中，不可或缺的是光纤光缆，那光缆有几种呢，各有什么优势?选择线缆类型应从线缆用途、要求的传输容量、传输带宽、价格等多方面综合考虑。线缆类型有非屏蔽双绞线、屏蔽双绞线、光缆三大类。<strong><a href="http://www.naite.com.cn" target="_blank">大连综合布线</a></strong>，首选奈特原动力，我们依托国内外一流品牌的优质产品，致力于政府、外企、教育、酒店、证券、电信等行业的计算机系统设计、系统集成、工程施工、硬件安装、网络调试及售后服务工作。本着诚信、合作、勤奋、节约的价值观，为用户提供一流的产品和服务。
</p>
在综合布线过程中，不可或缺的是光纤光缆，那光缆有几种呢，各有什么优势?<br />
选择线缆类型应从线缆用途、要求的传输容量、传输带宽、价格等多方面综合考虑。线缆类型有非屏蔽双绞线、屏蔽双绞线、光缆三大类。<br />
&nbsp;&nbsp;&nbsp;&nbsp;&nbsp; (1)非屏蔽双绞线UTP，是目前国内应用最多的布线系统，适用于传输带宽在250MHz以下，没有特殊性能要求的网络应用，其优点是整体性能不错、价格便宜、施工和维护比较方便。六类布线系统已经达到了非屏蔽双绞线的性能极限。<br />
&nbsp;&nbsp;&nbsp;&nbsp;&nbsp; (2)铝箔屏蔽的双绞线FTP，带宽较大、抗干扰性能强，具有低烟无卤的特点。相对的，屏蔽线比非屏蔽线价格及安装成本要高一些，线缆弯曲性能稍差。六类线及之前的屏蔽系统多采用这种形式。<br />
&nbsp;&nbsp;&nbsp;&nbsp;&nbsp; 
(3)独立屏蔽双绞线STP，每一对线都有一个铝箔屏蔽层，四对线合在一起还有一个公共的金属编织屏蔽层，这是七类线的标准结构。它适用于高速网络的应
用，提供高度保密的传输，支持未来的新型应用，有助于统一当前网络应用的布线平台，使得从电子邮件到多媒体视频的各种信息，都可以在同一套高速系统中传
输。<strong><a href="http://www.naite.com.cn/" target="_blank">大连综合布线</a></strong><br />
&nbsp;&nbsp;&nbsp;&nbsp; &nbsp;额外的屏蔽层使得七类线有一个较大的线径，这些特点要求在设计安装路由和端接空间时要特别小心，要留有很大的空间和较大的弯曲半径，目前康宁公司已经在中国推出了7类布线系统。<br />
&nbsp;&nbsp;&nbsp;&nbsp;&nbsp; 
早在1997年布线标准化机构和制造商就已经提出了七类铜缆布线系统的构想，其中康宁公司在1997年发布了600MHZ的七类布线。它能提供至少
500MHz的综合衰减对串扰比和600MHz的整体带宽，其连接头要求在600MHz时所有的线对提供至少60dB的综合近端串绕。而超五类系统只要求
在100MHz提供43dB，六类在250MHz的数值为46dB.<br />
&nbsp;&nbsp;&nbsp;&nbsp;&nbsp; 
而且，由于其绝佳的屏蔽设计和高带宽，一个典型的七类信道甚至可以同时提供一对线862MHz的带宽用于传输有线电视信号，在另外一个线对传输模拟音频信
号，然后在第三、四线对传输高速局域网信息。这种应用在目前是无法想象的，但不久的将由七类布线系统实现，目前美国康宁公司推出的七类布线系统已经领先业
界达到了1200MHz的带宽。<br />
&nbsp;&nbsp;&nbsp;&nbsp;&nbsp; 
与光纤局域网相比，七类系统的解决方案提供了希望的性能和带宽，但其总体成本只是光纤的几分之一。有些人会认为光纤系统可以给人们带来足够多的带宽，并且
光缆与七类线缆价格接近。但是，如果考虑到光纤路由器、光交换机和光网卡的成本因素，光纤的价格优势就会很快地丧失。<br />
&nbsp;&nbsp;&nbsp;&nbsp;&nbsp; (4)光缆尤其是单模光缆可用于高速网络传输，并有先天电磁干扰免疫、可靠性强、支持远距离传输等优点，是未来理想的网络传输介质，其地位日益重要。但是光缆设备、材料和端接成本都比较昂贵，安装也相对复杂，故一般适宜用于长距离和大容量的布线。<strong><a href="http://www.naite.com.cn/" target="_blank">大连综合布线</a></strong><br />
目前62.5/125μm多模光缆已经在综合布线主干系统中成为主流布线介质，在水平系统中的应用也变得日益广泛，康宁公司目前已经推出了全套光纤到桌面的光缆布线系统，并于今年5月份正式推出10G光缆布线系统。<br />
&nbsp;&nbsp;&nbsp;&nbsp;&nbsp; 新版本的TIA/EIA-568-B.3规定了光纤、连接硬件以及光纤跳线的机械特性和传输性能。与568-A相比，其最显著的增强在于认可50/125μm多模光纤，以及除了SC连接器外，还认可小型元件(SFF)光纤连接器作为工作区的连接器。<br />
允许使用SFF连接器给终端用户带来了许多好处，比如，SC连接器较大的尺寸无法支持设备接口朝高密度方向发展的工业趋势，而采用SFF连接器可以非常容易地在与RJ-45相同的空间内连接两芯光纤。<br />
&nbsp;&nbsp;&nbsp;&nbsp;&nbsp; 由于TIA对SFF光纤连接器的认可，光纤设备制造厂商如CISCO、3Com、IBM等已经将这些接口设计融合到他们的产品中。<strong><a href="http://www.naite.com.cn/" target="_blank">大连综合布线</a></strong>',N'0',N'False',N'False',N'',N'综合布线与光缆各具有什么优势',N'综合布线与光缆各具有什么优势',N'2015/1/9 2:43:07',N'2015/1/9 2:43:07',N'1',N'True',N'0',N'c096e4e4-fefe-4677-a67e-7bbf09090eb1',N'',N'',N'',N'1',N'False',N'1',N'17')
insert into [Nt_Article]([Title],[Author],[Source],[Short],[Body],[Rating],[SetTop],[Recommended],[PictureUrl],[SeoKeywords],[SeoDescription],[UpdatedDate],[CreatedDate],[UserId],[Display],[DisplayOrder],[Guid],[FileUrl],[FileName],[FileSize],[ArticleClassId],[Downloadable],[LanguageId],[Id])values(N'综合布线与光缆各具有什么优势-copy-copy-copy-copy-copy-copy-copy-copy-copy-copy-copy-copy-copy-copy-copy-copy-copy',N'',N'',N'综合布线与光缆各具有什么优势',N'<p>
	综合布线过程中，不可或缺的是光纤光缆，那光缆有几种呢，各有什么优势?选择线缆类型应从线缆用途、要求的传输容量、传输带宽、价格等多方面综合考虑。线缆类型有非屏蔽双绞线、屏蔽双绞线、光缆三大类。<strong><a href="http://www.naite.com.cn" target="_blank">大连综合布线</a></strong>，首选奈特原动力，我们依托国内外一流品牌的优质产品，致力于政府、外企、教育、酒店、证券、电信等行业的计算机系统设计、系统集成、工程施工、硬件安装、网络调试及售后服务工作。本着诚信、合作、勤奋、节约的价值观，为用户提供一流的产品和服务。
</p>
在综合布线过程中，不可或缺的是光纤光缆，那光缆有几种呢，各有什么优势?<br />
选择线缆类型应从线缆用途、要求的传输容量、传输带宽、价格等多方面综合考虑。线缆类型有非屏蔽双绞线、屏蔽双绞线、光缆三大类。<br />
&nbsp;&nbsp;&nbsp;&nbsp;&nbsp; (1)非屏蔽双绞线UTP，是目前国内应用最多的布线系统，适用于传输带宽在250MHz以下，没有特殊性能要求的网络应用，其优点是整体性能不错、价格便宜、施工和维护比较方便。六类布线系统已经达到了非屏蔽双绞线的性能极限。<br />
&nbsp;&nbsp;&nbsp;&nbsp;&nbsp; (2)铝箔屏蔽的双绞线FTP，带宽较大、抗干扰性能强，具有低烟无卤的特点。相对的，屏蔽线比非屏蔽线价格及安装成本要高一些，线缆弯曲性能稍差。六类线及之前的屏蔽系统多采用这种形式。<br />
&nbsp;&nbsp;&nbsp;&nbsp;&nbsp; 
(3)独立屏蔽双绞线STP，每一对线都有一个铝箔屏蔽层，四对线合在一起还有一个公共的金属编织屏蔽层，这是七类线的标准结构。它适用于高速网络的应
用，提供高度保密的传输，支持未来的新型应用，有助于统一当前网络应用的布线平台，使得从电子邮件到多媒体视频的各种信息，都可以在同一套高速系统中传
输。<strong><a href="http://www.naite.com.cn/" target="_blank">大连综合布线</a></strong><br />
&nbsp;&nbsp;&nbsp;&nbsp; &nbsp;额外的屏蔽层使得七类线有一个较大的线径，这些特点要求在设计安装路由和端接空间时要特别小心，要留有很大的空间和较大的弯曲半径，目前康宁公司已经在中国推出了7类布线系统。<br />
&nbsp;&nbsp;&nbsp;&nbsp;&nbsp; 
早在1997年布线标准化机构和制造商就已经提出了七类铜缆布线系统的构想，其中康宁公司在1997年发布了600MHZ的七类布线。它能提供至少
500MHz的综合衰减对串扰比和600MHz的整体带宽，其连接头要求在600MHz时所有的线对提供至少60dB的综合近端串绕。而超五类系统只要求
在100MHz提供43dB，六类在250MHz的数值为46dB.<br />
&nbsp;&nbsp;&nbsp;&nbsp;&nbsp; 
而且，由于其绝佳的屏蔽设计和高带宽，一个典型的七类信道甚至可以同时提供一对线862MHz的带宽用于传输有线电视信号，在另外一个线对传输模拟音频信
号，然后在第三、四线对传输高速局域网信息。这种应用在目前是无法想象的，但不久的将由七类布线系统实现，目前美国康宁公司推出的七类布线系统已经领先业
界达到了1200MHz的带宽。<br />
&nbsp;&nbsp;&nbsp;&nbsp;&nbsp; 
与光纤局域网相比，七类系统的解决方案提供了希望的性能和带宽，但其总体成本只是光纤的几分之一。有些人会认为光纤系统可以给人们带来足够多的带宽，并且
光缆与七类线缆价格接近。但是，如果考虑到光纤路由器、光交换机和光网卡的成本因素，光纤的价格优势就会很快地丧失。<br />
&nbsp;&nbsp;&nbsp;&nbsp;&nbsp; (4)光缆尤其是单模光缆可用于高速网络传输，并有先天电磁干扰免疫、可靠性强、支持远距离传输等优点，是未来理想的网络传输介质，其地位日益重要。但是光缆设备、材料和端接成本都比较昂贵，安装也相对复杂，故一般适宜用于长距离和大容量的布线。<strong><a href="http://www.naite.com.cn/" target="_blank">大连综合布线</a></strong><br />
目前62.5/125μm多模光缆已经在综合布线主干系统中成为主流布线介质，在水平系统中的应用也变得日益广泛，康宁公司目前已经推出了全套光纤到桌面的光缆布线系统，并于今年5月份正式推出10G光缆布线系统。<br />
&nbsp;&nbsp;&nbsp;&nbsp;&nbsp; 新版本的TIA/EIA-568-B.3规定了光纤、连接硬件以及光纤跳线的机械特性和传输性能。与568-A相比，其最显著的增强在于认可50/125μm多模光纤，以及除了SC连接器外，还认可小型元件(SFF)光纤连接器作为工作区的连接器。<br />
允许使用SFF连接器给终端用户带来了许多好处，比如，SC连接器较大的尺寸无法支持设备接口朝高密度方向发展的工业趋势，而采用SFF连接器可以非常容易地在与RJ-45相同的空间内连接两芯光纤。<br />
&nbsp;&nbsp;&nbsp;&nbsp;&nbsp; 由于TIA对SFF光纤连接器的认可，光纤设备制造厂商如CISCO、3Com、IBM等已经将这些接口设计融合到他们的产品中。<strong><a href="http://www.naite.com.cn/" target="_blank">大连综合布线</a></strong>',N'0',N'False',N'False',N'',N'综合布线与光缆各具有什么优势',N'综合布线与光缆各具有什么优势',N'2015/1/9 2:43:07',N'2015/1/9 2:43:07',N'1',N'True',N'0',N'c14d4cd3-36cd-4ad9-afe5-f4c380eb535d',N'',N'',N'',N'1',N'False',N'1',N'18')
insert into [Nt_Article]([Title],[Author],[Source],[Short],[Body],[Rating],[SetTop],[Recommended],[PictureUrl],[SeoKeywords],[SeoDescription],[UpdatedDate],[CreatedDate],[UserId],[Display],[DisplayOrder],[Guid],[FileUrl],[FileName],[FileSize],[ArticleClassId],[Downloadable],[LanguageId],[Id])values(N'综合布线与光缆各具有什么优势-copy-copy-copy-copy-copy-copy-copy-copy-copy-copy-copy-copy-copy-copy-copy-copy-copy-copy',N'',N'',N'综合布线与光缆各具有什么优势',N'<p>
	综合布线过程中，不可或缺的是光纤光缆，那光缆有几种呢，各有什么优势?选择线缆类型应从线缆用途、要求的传输容量、传输带宽、价格等多方面综合考虑。线缆类型有非屏蔽双绞线、屏蔽双绞线、光缆三大类。<strong><a href="http://www.naite.com.cn" target="_blank">大连综合布线</a></strong>，首选奈特原动力，我们依托国内外一流品牌的优质产品，致力于政府、外企、教育、酒店、证券、电信等行业的计算机系统设计、系统集成、工程施工、硬件安装、网络调试及售后服务工作。本着诚信、合作、勤奋、节约的价值观，为用户提供一流的产品和服务。
</p>
在综合布线过程中，不可或缺的是光纤光缆，那光缆有几种呢，各有什么优势?<br />
选择线缆类型应从线缆用途、要求的传输容量、传输带宽、价格等多方面综合考虑。线缆类型有非屏蔽双绞线、屏蔽双绞线、光缆三大类。<br />
&nbsp;&nbsp;&nbsp;&nbsp;&nbsp; (1)非屏蔽双绞线UTP，是目前国内应用最多的布线系统，适用于传输带宽在250MHz以下，没有特殊性能要求的网络应用，其优点是整体性能不错、价格便宜、施工和维护比较方便。六类布线系统已经达到了非屏蔽双绞线的性能极限。<br />
&nbsp;&nbsp;&nbsp;&nbsp;&nbsp; (2)铝箔屏蔽的双绞线FTP，带宽较大、抗干扰性能强，具有低烟无卤的特点。相对的，屏蔽线比非屏蔽线价格及安装成本要高一些，线缆弯曲性能稍差。六类线及之前的屏蔽系统多采用这种形式。<br />
&nbsp;&nbsp;&nbsp;&nbsp;&nbsp; 
(3)独立屏蔽双绞线STP，每一对线都有一个铝箔屏蔽层，四对线合在一起还有一个公共的金属编织屏蔽层，这是七类线的标准结构。它适用于高速网络的应
用，提供高度保密的传输，支持未来的新型应用，有助于统一当前网络应用的布线平台，使得从电子邮件到多媒体视频的各种信息，都可以在同一套高速系统中传
输。<strong><a href="http://www.naite.com.cn/" target="_blank">大连综合布线</a></strong><br />
&nbsp;&nbsp;&nbsp;&nbsp; &nbsp;额外的屏蔽层使得七类线有一个较大的线径，这些特点要求在设计安装路由和端接空间时要特别小心，要留有很大的空间和较大的弯曲半径，目前康宁公司已经在中国推出了7类布线系统。<br />
&nbsp;&nbsp;&nbsp;&nbsp;&nbsp; 
早在1997年布线标准化机构和制造商就已经提出了七类铜缆布线系统的构想，其中康宁公司在1997年发布了600MHZ的七类布线。它能提供至少
500MHz的综合衰减对串扰比和600MHz的整体带宽，其连接头要求在600MHz时所有的线对提供至少60dB的综合近端串绕。而超五类系统只要求
在100MHz提供43dB，六类在250MHz的数值为46dB.<br />
&nbsp;&nbsp;&nbsp;&nbsp;&nbsp; 
而且，由于其绝佳的屏蔽设计和高带宽，一个典型的七类信道甚至可以同时提供一对线862MHz的带宽用于传输有线电视信号，在另外一个线对传输模拟音频信
号，然后在第三、四线对传输高速局域网信息。这种应用在目前是无法想象的，但不久的将由七类布线系统实现，目前美国康宁公司推出的七类布线系统已经领先业
界达到了1200MHz的带宽。<br />
&nbsp;&nbsp;&nbsp;&nbsp;&nbsp; 
与光纤局域网相比，七类系统的解决方案提供了希望的性能和带宽，但其总体成本只是光纤的几分之一。有些人会认为光纤系统可以给人们带来足够多的带宽，并且
光缆与七类线缆价格接近。但是，如果考虑到光纤路由器、光交换机和光网卡的成本因素，光纤的价格优势就会很快地丧失。<br />
&nbsp;&nbsp;&nbsp;&nbsp;&nbsp; (4)光缆尤其是单模光缆可用于高速网络传输，并有先天电磁干扰免疫、可靠性强、支持远距离传输等优点，是未来理想的网络传输介质，其地位日益重要。但是光缆设备、材料和端接成本都比较昂贵，安装也相对复杂，故一般适宜用于长距离和大容量的布线。<strong><a href="http://www.naite.com.cn/" target="_blank">大连综合布线</a></strong><br />
目前62.5/125μm多模光缆已经在综合布线主干系统中成为主流布线介质，在水平系统中的应用也变得日益广泛，康宁公司目前已经推出了全套光纤到桌面的光缆布线系统，并于今年5月份正式推出10G光缆布线系统。<br />
&nbsp;&nbsp;&nbsp;&nbsp;&nbsp; 新版本的TIA/EIA-568-B.3规定了光纤、连接硬件以及光纤跳线的机械特性和传输性能。与568-A相比，其最显著的增强在于认可50/125μm多模光纤，以及除了SC连接器外，还认可小型元件(SFF)光纤连接器作为工作区的连接器。<br />
允许使用SFF连接器给终端用户带来了许多好处，比如，SC连接器较大的尺寸无法支持设备接口朝高密度方向发展的工业趋势，而采用SFF连接器可以非常容易地在与RJ-45相同的空间内连接两芯光纤。<br />
&nbsp;&nbsp;&nbsp;&nbsp;&nbsp; 由于TIA对SFF光纤连接器的认可，光纤设备制造厂商如CISCO、3Com、IBM等已经将这些接口设计融合到他们的产品中。<strong><a href="http://www.naite.com.cn/" target="_blank">大连综合布线</a></strong>',N'0',N'False',N'False',N'',N'综合布线与光缆各具有什么优势',N'综合布线与光缆各具有什么优势',N'2015/1/9 2:43:07',N'2015/1/9 2:43:07',N'1',N'True',N'0',N'abadaaf4-cabe-40a2-89e8-c29a9f515c7f',N'',N'',N'',N'1',N'False',N'1',N'19')
insert into [Nt_Article]([Title],[Author],[Source],[Short],[Body],[Rating],[SetTop],[Recommended],[PictureUrl],[SeoKeywords],[SeoDescription],[UpdatedDate],[CreatedDate],[UserId],[Display],[DisplayOrder],[Guid],[FileUrl],[FileName],[FileSize],[ArticleClassId],[Downloadable],[LanguageId],[Id])values(N'综合布线与光缆各具有什么优势-copy-copy-copy-copy-copy-copy-copy-copy-copy-copy-copy-copy-copy-copy-copy-copy-copy-copy-copy',N'',N'',N'综合布线与光缆各具有什么优势',N'<p>
	综合布线过程中，不可或缺的是光纤光缆，那光缆有几种呢，各有什么优势?选择线缆类型应从线缆用途、要求的传输容量、传输带宽、价格等多方面综合考虑。线缆类型有非屏蔽双绞线、屏蔽双绞线、光缆三大类。<strong><a href="http://www.naite.com.cn" target="_blank">大连综合布线</a></strong>，首选奈特原动力，我们依托国内外一流品牌的优质产品，致力于政府、外企、教育、酒店、证券、电信等行业的计算机系统设计、系统集成、工程施工、硬件安装、网络调试及售后服务工作。本着诚信、合作、勤奋、节约的价值观，为用户提供一流的产品和服务。
</p>
在综合布线过程中，不可或缺的是光纤光缆，那光缆有几种呢，各有什么优势?<br />
选择线缆类型应从线缆用途、要求的传输容量、传输带宽、价格等多方面综合考虑。线缆类型有非屏蔽双绞线、屏蔽双绞线、光缆三大类。<br />
&nbsp;&nbsp;&nbsp;&nbsp;&nbsp; (1)非屏蔽双绞线UTP，是目前国内应用最多的布线系统，适用于传输带宽在250MHz以下，没有特殊性能要求的网络应用，其优点是整体性能不错、价格便宜、施工和维护比较方便。六类布线系统已经达到了非屏蔽双绞线的性能极限。<br />
&nbsp;&nbsp;&nbsp;&nbsp;&nbsp; (2)铝箔屏蔽的双绞线FTP，带宽较大、抗干扰性能强，具有低烟无卤的特点。相对的，屏蔽线比非屏蔽线价格及安装成本要高一些，线缆弯曲性能稍差。六类线及之前的屏蔽系统多采用这种形式。<br />
&nbsp;&nbsp;&nbsp;&nbsp;&nbsp; 
(3)独立屏蔽双绞线STP，每一对线都有一个铝箔屏蔽层，四对线合在一起还有一个公共的金属编织屏蔽层，这是七类线的标准结构。它适用于高速网络的应
用，提供高度保密的传输，支持未来的新型应用，有助于统一当前网络应用的布线平台，使得从电子邮件到多媒体视频的各种信息，都可以在同一套高速系统中传
输。<strong><a href="http://www.naite.com.cn/" target="_blank">大连综合布线</a></strong><br />
&nbsp;&nbsp;&nbsp;&nbsp; &nbsp;额外的屏蔽层使得七类线有一个较大的线径，这些特点要求在设计安装路由和端接空间时要特别小心，要留有很大的空间和较大的弯曲半径，目前康宁公司已经在中国推出了7类布线系统。<br />
&nbsp;&nbsp;&nbsp;&nbsp;&nbsp; 
早在1997年布线标准化机构和制造商就已经提出了七类铜缆布线系统的构想，其中康宁公司在1997年发布了600MHZ的七类布线。它能提供至少
500MHz的综合衰减对串扰比和600MHz的整体带宽，其连接头要求在600MHz时所有的线对提供至少60dB的综合近端串绕。而超五类系统只要求
在100MHz提供43dB，六类在250MHz的数值为46dB.<br />
&nbsp;&nbsp;&nbsp;&nbsp;&nbsp; 
而且，由于其绝佳的屏蔽设计和高带宽，一个典型的七类信道甚至可以同时提供一对线862MHz的带宽用于传输有线电视信号，在另外一个线对传输模拟音频信
号，然后在第三、四线对传输高速局域网信息。这种应用在目前是无法想象的，但不久的将由七类布线系统实现，目前美国康宁公司推出的七类布线系统已经领先业
界达到了1200MHz的带宽。<br />
&nbsp;&nbsp;&nbsp;&nbsp;&nbsp; 
与光纤局域网相比，七类系统的解决方案提供了希望的性能和带宽，但其总体成本只是光纤的几分之一。有些人会认为光纤系统可以给人们带来足够多的带宽，并且
光缆与七类线缆价格接近。但是，如果考虑到光纤路由器、光交换机和光网卡的成本因素，光纤的价格优势就会很快地丧失。<br />
&nbsp;&nbsp;&nbsp;&nbsp;&nbsp; (4)光缆尤其是单模光缆可用于高速网络传输，并有先天电磁干扰免疫、可靠性强、支持远距离传输等优点，是未来理想的网络传输介质，其地位日益重要。但是光缆设备、材料和端接成本都比较昂贵，安装也相对复杂，故一般适宜用于长距离和大容量的布线。<strong><a href="http://www.naite.com.cn/" target="_blank">大连综合布线</a></strong><br />
目前62.5/125μm多模光缆已经在综合布线主干系统中成为主流布线介质，在水平系统中的应用也变得日益广泛，康宁公司目前已经推出了全套光纤到桌面的光缆布线系统，并于今年5月份正式推出10G光缆布线系统。<br />
&nbsp;&nbsp;&nbsp;&nbsp;&nbsp; 新版本的TIA/EIA-568-B.3规定了光纤、连接硬件以及光纤跳线的机械特性和传输性能。与568-A相比，其最显著的增强在于认可50/125μm多模光纤，以及除了SC连接器外，还认可小型元件(SFF)光纤连接器作为工作区的连接器。<br />
允许使用SFF连接器给终端用户带来了许多好处，比如，SC连接器较大的尺寸无法支持设备接口朝高密度方向发展的工业趋势，而采用SFF连接器可以非常容易地在与RJ-45相同的空间内连接两芯光纤。<br />
&nbsp;&nbsp;&nbsp;&nbsp;&nbsp; 由于TIA对SFF光纤连接器的认可，光纤设备制造厂商如CISCO、3Com、IBM等已经将这些接口设计融合到他们的产品中。<strong><a href="http://www.naite.com.cn/" target="_blank">大连综合布线</a></strong>',N'0',N'False',N'False',N'',N'综合布线与光缆各具有什么优势',N'综合布线与光缆各具有什么优势',N'2015/1/9 2:43:07',N'2015/1/9 2:43:07',N'1',N'True',N'0',N'27c15401-bf3f-47a9-befa-a83479d7099a',N'',N'',N'',N'1',N'False',N'1',N'20')
insert into [Nt_Article]([Title],[Author],[Source],[Short],[Body],[Rating],[SetTop],[Recommended],[PictureUrl],[SeoKeywords],[SeoDescription],[UpdatedDate],[CreatedDate],[UserId],[Display],[DisplayOrder],[Guid],[FileUrl],[FileName],[FileSize],[ArticleClassId],[Downloadable],[LanguageId],[Id])values(N'综合布线与光缆各具有什么优势-copy-copy-copy-copy-copy-copy-copy-copy-copy-copy-copy-copy-copy-copy-copy-copy-copy-copy-copy-copy',N'',N'',N'综合布线与光缆各具有什么优势',N'<p>
	综合布线过程中，不可或缺的是光纤光缆，那光缆有几种呢，各有什么优势?选择线缆类型应从线缆用途、要求的传输容量、传输带宽、价格等多方面综合考虑。线缆类型有非屏蔽双绞线、屏蔽双绞线、光缆三大类。<strong><a href="http://www.naite.com.cn" target="_blank">大连综合布线</a></strong>，首选奈特原动力，我们依托国内外一流品牌的优质产品，致力于政府、外企、教育、酒店、证券、电信等行业的计算机系统设计、系统集成、工程施工、硬件安装、网络调试及售后服务工作。本着诚信、合作、勤奋、节约的价值观，为用户提供一流的产品和服务。
</p>
在综合布线过程中，不可或缺的是光纤光缆，那光缆有几种呢，各有什么优势?<br />
选择线缆类型应从线缆用途、要求的传输容量、传输带宽、价格等多方面综合考虑。线缆类型有非屏蔽双绞线、屏蔽双绞线、光缆三大类。<br />
&nbsp;&nbsp;&nbsp;&nbsp;&nbsp; (1)非屏蔽双绞线UTP，是目前国内应用最多的布线系统，适用于传输带宽在250MHz以下，没有特殊性能要求的网络应用，其优点是整体性能不错、价格便宜、施工和维护比较方便。六类布线系统已经达到了非屏蔽双绞线的性能极限。<br />
&nbsp;&nbsp;&nbsp;&nbsp;&nbsp; (2)铝箔屏蔽的双绞线FTP，带宽较大、抗干扰性能强，具有低烟无卤的特点。相对的，屏蔽线比非屏蔽线价格及安装成本要高一些，线缆弯曲性能稍差。六类线及之前的屏蔽系统多采用这种形式。<br />
&nbsp;&nbsp;&nbsp;&nbsp;&nbsp; 
(3)独立屏蔽双绞线STP，每一对线都有一个铝箔屏蔽层，四对线合在一起还有一个公共的金属编织屏蔽层，这是七类线的标准结构。它适用于高速网络的应
用，提供高度保密的传输，支持未来的新型应用，有助于统一当前网络应用的布线平台，使得从电子邮件到多媒体视频的各种信息，都可以在同一套高速系统中传
输。<strong><a href="http://www.naite.com.cn/" target="_blank">大连综合布线</a></strong><br />
&nbsp;&nbsp;&nbsp;&nbsp; &nbsp;额外的屏蔽层使得七类线有一个较大的线径，这些特点要求在设计安装路由和端接空间时要特别小心，要留有很大的空间和较大的弯曲半径，目前康宁公司已经在中国推出了7类布线系统。<br />
&nbsp;&nbsp;&nbsp;&nbsp;&nbsp; 
早在1997年布线标准化机构和制造商就已经提出了七类铜缆布线系统的构想，其中康宁公司在1997年发布了600MHZ的七类布线。它能提供至少
500MHz的综合衰减对串扰比和600MHz的整体带宽，其连接头要求在600MHz时所有的线对提供至少60dB的综合近端串绕。而超五类系统只要求
在100MHz提供43dB，六类在250MHz的数值为46dB.<br />
&nbsp;&nbsp;&nbsp;&nbsp;&nbsp; 
而且，由于其绝佳的屏蔽设计和高带宽，一个典型的七类信道甚至可以同时提供一对线862MHz的带宽用于传输有线电视信号，在另外一个线对传输模拟音频信
号，然后在第三、四线对传输高速局域网信息。这种应用在目前是无法想象的，但不久的将由七类布线系统实现，目前美国康宁公司推出的七类布线系统已经领先业
界达到了1200MHz的带宽。<br />
&nbsp;&nbsp;&nbsp;&nbsp;&nbsp; 
与光纤局域网相比，七类系统的解决方案提供了希望的性能和带宽，但其总体成本只是光纤的几分之一。有些人会认为光纤系统可以给人们带来足够多的带宽，并且
光缆与七类线缆价格接近。但是，如果考虑到光纤路由器、光交换机和光网卡的成本因素，光纤的价格优势就会很快地丧失。<br />
&nbsp;&nbsp;&nbsp;&nbsp;&nbsp; (4)光缆尤其是单模光缆可用于高速网络传输，并有先天电磁干扰免疫、可靠性强、支持远距离传输等优点，是未来理想的网络传输介质，其地位日益重要。但是光缆设备、材料和端接成本都比较昂贵，安装也相对复杂，故一般适宜用于长距离和大容量的布线。<strong><a href="http://www.naite.com.cn/" target="_blank">大连综合布线</a></strong><br />
目前62.5/125μm多模光缆已经在综合布线主干系统中成为主流布线介质，在水平系统中的应用也变得日益广泛，康宁公司目前已经推出了全套光纤到桌面的光缆布线系统，并于今年5月份正式推出10G光缆布线系统。<br />
&nbsp;&nbsp;&nbsp;&nbsp;&nbsp; 新版本的TIA/EIA-568-B.3规定了光纤、连接硬件以及光纤跳线的机械特性和传输性能。与568-A相比，其最显著的增强在于认可50/125μm多模光纤，以及除了SC连接器外，还认可小型元件(SFF)光纤连接器作为工作区的连接器。<br />
允许使用SFF连接器给终端用户带来了许多好处，比如，SC连接器较大的尺寸无法支持设备接口朝高密度方向发展的工业趋势，而采用SFF连接器可以非常容易地在与RJ-45相同的空间内连接两芯光纤。<br />
&nbsp;&nbsp;&nbsp;&nbsp;&nbsp; 由于TIA对SFF光纤连接器的认可，光纤设备制造厂商如CISCO、3Com、IBM等已经将这些接口设计融合到他们的产品中。<strong><a href="http://www.naite.com.cn/" target="_blank">大连综合布线</a></strong>',N'0',N'False',N'False',N'',N'综合布线与光缆各具有什么优势',N'综合布线与光缆各具有什么优势',N'2015/1/9 2:43:07',N'2015/1/9 2:43:07',N'1',N'True',N'0',N'f196200d-85ef-4d9f-a155-13fa992a0731',N'',N'',N'',N'1',N'False',N'1',N'21')
insert into [Nt_Article]([Title],[Author],[Source],[Short],[Body],[Rating],[SetTop],[Recommended],[PictureUrl],[SeoKeywords],[SeoDescription],[UpdatedDate],[CreatedDate],[UserId],[Display],[DisplayOrder],[Guid],[FileUrl],[FileName],[FileSize],[ArticleClassId],[Downloadable],[LanguageId],[Id])values(N'综合布线与光缆各具有什么优势-copy-copy-copy-copy-copy-copy-copy-copy-copy-copy-copy-copy-copy-copy-copy-copy-copy-copy-copy-copy-copy',N'',N'',N'综合布线与光缆各具有什么优势',N'<p>
	综合布线过程中，不可或缺的是光纤光缆，那光缆有几种呢，各有什么优势?选择线缆类型应从线缆用途、要求的传输容量、传输带宽、价格等多方面综合考虑。线缆类型有非屏蔽双绞线、屏蔽双绞线、光缆三大类。<strong><a href="http://www.naite.com.cn" target="_blank">大连综合布线</a></strong>，首选奈特原动力，我们依托国内外一流品牌的优质产品，致力于政府、外企、教育、酒店、证券、电信等行业的计算机系统设计、系统集成、工程施工、硬件安装、网络调试及售后服务工作。本着诚信、合作、勤奋、节约的价值观，为用户提供一流的产品和服务。
</p>
在综合布线过程中，不可或缺的是光纤光缆，那光缆有几种呢，各有什么优势?<br />
选择线缆类型应从线缆用途、要求的传输容量、传输带宽、价格等多方面综合考虑。线缆类型有非屏蔽双绞线、屏蔽双绞线、光缆三大类。<br />
&nbsp;&nbsp;&nbsp;&nbsp;&nbsp; (1)非屏蔽双绞线UTP，是目前国内应用最多的布线系统，适用于传输带宽在250MHz以下，没有特殊性能要求的网络应用，其优点是整体性能不错、价格便宜、施工和维护比较方便。六类布线系统已经达到了非屏蔽双绞线的性能极限。<br />
&nbsp;&nbsp;&nbsp;&nbsp;&nbsp; (2)铝箔屏蔽的双绞线FTP，带宽较大、抗干扰性能强，具有低烟无卤的特点。相对的，屏蔽线比非屏蔽线价格及安装成本要高一些，线缆弯曲性能稍差。六类线及之前的屏蔽系统多采用这种形式。<br />
&nbsp;&nbsp;&nbsp;&nbsp;&nbsp; 
(3)独立屏蔽双绞线STP，每一对线都有一个铝箔屏蔽层，四对线合在一起还有一个公共的金属编织屏蔽层，这是七类线的标准结构。它适用于高速网络的应
用，提供高度保密的传输，支持未来的新型应用，有助于统一当前网络应用的布线平台，使得从电子邮件到多媒体视频的各种信息，都可以在同一套高速系统中传
输。<strong><a href="http://www.naite.com.cn/" target="_blank">大连综合布线</a></strong><br />
&nbsp;&nbsp;&nbsp;&nbsp; &nbsp;额外的屏蔽层使得七类线有一个较大的线径，这些特点要求在设计安装路由和端接空间时要特别小心，要留有很大的空间和较大的弯曲半径，目前康宁公司已经在中国推出了7类布线系统。<br />
&nbsp;&nbsp;&nbsp;&nbsp;&nbsp; 
早在1997年布线标准化机构和制造商就已经提出了七类铜缆布线系统的构想，其中康宁公司在1997年发布了600MHZ的七类布线。它能提供至少
500MHz的综合衰减对串扰比和600MHz的整体带宽，其连接头要求在600MHz时所有的线对提供至少60dB的综合近端串绕。而超五类系统只要求
在100MHz提供43dB，六类在250MHz的数值为46dB.<br />
&nbsp;&nbsp;&nbsp;&nbsp;&nbsp; 
而且，由于其绝佳的屏蔽设计和高带宽，一个典型的七类信道甚至可以同时提供一对线862MHz的带宽用于传输有线电视信号，在另外一个线对传输模拟音频信
号，然后在第三、四线对传输高速局域网信息。这种应用在目前是无法想象的，但不久的将由七类布线系统实现，目前美国康宁公司推出的七类布线系统已经领先业
界达到了1200MHz的带宽。<br />
&nbsp;&nbsp;&nbsp;&nbsp;&nbsp; 
与光纤局域网相比，七类系统的解决方案提供了希望的性能和带宽，但其总体成本只是光纤的几分之一。有些人会认为光纤系统可以给人们带来足够多的带宽，并且
光缆与七类线缆价格接近。但是，如果考虑到光纤路由器、光交换机和光网卡的成本因素，光纤的价格优势就会很快地丧失。<br />
&nbsp;&nbsp;&nbsp;&nbsp;&nbsp; (4)光缆尤其是单模光缆可用于高速网络传输，并有先天电磁干扰免疫、可靠性强、支持远距离传输等优点，是未来理想的网络传输介质，其地位日益重要。但是光缆设备、材料和端接成本都比较昂贵，安装也相对复杂，故一般适宜用于长距离和大容量的布线。<strong><a href="http://www.naite.com.cn/" target="_blank">大连综合布线</a></strong><br />
目前62.5/125μm多模光缆已经在综合布线主干系统中成为主流布线介质，在水平系统中的应用也变得日益广泛，康宁公司目前已经推出了全套光纤到桌面的光缆布线系统，并于今年5月份正式推出10G光缆布线系统。<br />
&nbsp;&nbsp;&nbsp;&nbsp;&nbsp; 新版本的TIA/EIA-568-B.3规定了光纤、连接硬件以及光纤跳线的机械特性和传输性能。与568-A相比，其最显著的增强在于认可50/125μm多模光纤，以及除了SC连接器外，还认可小型元件(SFF)光纤连接器作为工作区的连接器。<br />
允许使用SFF连接器给终端用户带来了许多好处，比如，SC连接器较大的尺寸无法支持设备接口朝高密度方向发展的工业趋势，而采用SFF连接器可以非常容易地在与RJ-45相同的空间内连接两芯光纤。<br />
&nbsp;&nbsp;&nbsp;&nbsp;&nbsp; 由于TIA对SFF光纤连接器的认可，光纤设备制造厂商如CISCO、3Com、IBM等已经将这些接口设计融合到他们的产品中。<strong><a href="http://www.naite.com.cn/" target="_blank">大连综合布线</a></strong>',N'0',N'False',N'False',N'',N'综合布线与光缆各具有什么优势',N'综合布线与光缆各具有什么优势',N'2015/1/9 2:43:07',N'2015/1/9 2:43:07',N'1',N'True',N'0',N'ab493681-5eb3-4282-8b74-fed94b3f8dc0',N'',N'',N'',N'1',N'False',N'1',N'22')
insert into [Nt_Article]([Title],[Author],[Source],[Short],[Body],[Rating],[SetTop],[Recommended],[PictureUrl],[SeoKeywords],[SeoDescription],[UpdatedDate],[CreatedDate],[UserId],[Display],[DisplayOrder],[Guid],[FileUrl],[FileName],[FileSize],[ArticleClassId],[Downloadable],[LanguageId],[Id])values(N'综合布线与光缆各具有什么优势-copy-copy-copy-copy-copy-copy-copy-copy-copy-copy-copy-copy',N'',N'',N'综合布线与光缆各具有什么优势',N'<p>
	综合布线过程中，不可或缺的是光纤光缆，那光缆有几种呢，各有什么优势?选择线缆类型应从线缆用途、要求的传输容量、传输带宽、价格等多方面综合考虑。线缆类型有非屏蔽双绞线、屏蔽双绞线、光缆三大类。<strong><a href="http://www.naite.com.cn" target="_blank">大连综合布线</a></strong>，首选奈特原动力，我们依托国内外一流品牌的优质产品，致力于政府、外企、教育、酒店、证券、电信等行业的计算机系统设计、系统集成、工程施工、硬件安装、网络调试及售后服务工作。本着诚信、合作、勤奋、节约的价值观，为用户提供一流的产品和服务。
</p>
在综合布线过程中，不可或缺的是光纤光缆，那光缆有几种呢，各有什么优势?<br />
选择线缆类型应从线缆用途、要求的传输容量、传输带宽、价格等多方面综合考虑。线缆类型有非屏蔽双绞线、屏蔽双绞线、光缆三大类。<br />
&nbsp;&nbsp;&nbsp;&nbsp;&nbsp; (1)非屏蔽双绞线UTP，是目前国内应用最多的布线系统，适用于传输带宽在250MHz以下，没有特殊性能要求的网络应用，其优点是整体性能不错、价格便宜、施工和维护比较方便。六类布线系统已经达到了非屏蔽双绞线的性能极限。<br />
&nbsp;&nbsp;&nbsp;&nbsp;&nbsp; (2)铝箔屏蔽的双绞线FTP，带宽较大、抗干扰性能强，具有低烟无卤的特点。相对的，屏蔽线比非屏蔽线价格及安装成本要高一些，线缆弯曲性能稍差。六类线及之前的屏蔽系统多采用这种形式。<br />
&nbsp;&nbsp;&nbsp;&nbsp;&nbsp; 
(3)独立屏蔽双绞线STP，每一对线都有一个铝箔屏蔽层，四对线合在一起还有一个公共的金属编织屏蔽层，这是七类线的标准结构。它适用于高速网络的应
用，提供高度保密的传输，支持未来的新型应用，有助于统一当前网络应用的布线平台，使得从电子邮件到多媒体视频的各种信息，都可以在同一套高速系统中传
输。<strong><a href="http://www.naite.com.cn/" target="_blank">大连综合布线</a></strong><br />
&nbsp;&nbsp;&nbsp;&nbsp; &nbsp;额外的屏蔽层使得七类线有一个较大的线径，这些特点要求在设计安装路由和端接空间时要特别小心，要留有很大的空间和较大的弯曲半径，目前康宁公司已经在中国推出了7类布线系统。<br />
&nbsp;&nbsp;&nbsp;&nbsp;&nbsp; 
早在1997年布线标准化机构和制造商就已经提出了七类铜缆布线系统的构想，其中康宁公司在1997年发布了600MHZ的七类布线。它能提供至少
500MHz的综合衰减对串扰比和600MHz的整体带宽，其连接头要求在600MHz时所有的线对提供至少60dB的综合近端串绕。而超五类系统只要求
在100MHz提供43dB，六类在250MHz的数值为46dB.<br />
&nbsp;&nbsp;&nbsp;&nbsp;&nbsp; 
而且，由于其绝佳的屏蔽设计和高带宽，一个典型的七类信道甚至可以同时提供一对线862MHz的带宽用于传输有线电视信号，在另外一个线对传输模拟音频信
号，然后在第三、四线对传输高速局域网信息。这种应用在目前是无法想象的，但不久的将由七类布线系统实现，目前美国康宁公司推出的七类布线系统已经领先业
界达到了1200MHz的带宽。<br />
&nbsp;&nbsp;&nbsp;&nbsp;&nbsp; 
与光纤局域网相比，七类系统的解决方案提供了希望的性能和带宽，但其总体成本只是光纤的几分之一。有些人会认为光纤系统可以给人们带来足够多的带宽，并且
光缆与七类线缆价格接近。但是，如果考虑到光纤路由器、光交换机和光网卡的成本因素，光纤的价格优势就会很快地丧失。<br />
&nbsp;&nbsp;&nbsp;&nbsp;&nbsp; (4)光缆尤其是单模光缆可用于高速网络传输，并有先天电磁干扰免疫、可靠性强、支持远距离传输等优点，是未来理想的网络传输介质，其地位日益重要。但是光缆设备、材料和端接成本都比较昂贵，安装也相对复杂，故一般适宜用于长距离和大容量的布线。<strong><a href="http://www.naite.com.cn/" target="_blank">大连综合布线</a></strong><br />
目前62.5/125μm多模光缆已经在综合布线主干系统中成为主流布线介质，在水平系统中的应用也变得日益广泛，康宁公司目前已经推出了全套光纤到桌面的光缆布线系统，并于今年5月份正式推出10G光缆布线系统。<br />
&nbsp;&nbsp;&nbsp;&nbsp;&nbsp; 新版本的TIA/EIA-568-B.3规定了光纤、连接硬件以及光纤跳线的机械特性和传输性能。与568-A相比，其最显著的增强在于认可50/125μm多模光纤，以及除了SC连接器外，还认可小型元件(SFF)光纤连接器作为工作区的连接器。<br />
允许使用SFF连接器给终端用户带来了许多好处，比如，SC连接器较大的尺寸无法支持设备接口朝高密度方向发展的工业趋势，而采用SFF连接器可以非常容易地在与RJ-45相同的空间内连接两芯光纤。<br />
&nbsp;&nbsp;&nbsp;&nbsp;&nbsp; 由于TIA对SFF光纤连接器的认可，光纤设备制造厂商如CISCO、3Com、IBM等已经将这些接口设计融合到他们的产品中。<strong><a href="http://www.naite.com.cn/" target="_blank">大连综合布线</a></strong>',N'0',N'False',N'False',N'',N'综合布线与光缆各具有什么优势',N'综合布线与光缆各具有什么优势',N'2015/1/9 2:43:07',N'2015/1/9 2:43:07',N'1',N'True',N'0',N'31aa83ff-7ded-4e10-8f37-462b6d50ebcf',N'',N'',N'',N'1',N'False',N'1',N'23')
SET IDENTITY_INSERT [Nt_Article] OFF

SET IDENTITY_INSERT [Nt_Navigation] ON
SET IDENTITY_INSERT [Nt_Navigation] OFF

SET IDENTITY_INSERT [Nt_Article_Class] ON
insert into [Nt_Article_Class]([LanguageId],[SeoTitle],[SeoKeywords],[SeoDescription],[PictureUrl],[Description],[ListTemplate],[DetailTemplate],[Depth],[Parent],[Crumbs],[Name],[Display],[DisplayOrder],[Id])values(N'1',N'服务',N'服务',N'服务',N'http://pica.nipic.com/2008-07-28/200872812326870_2.jpg',N'服务',N'',N'',N'1',N'0',N'0,1,',N'服务',N'True',N'0',N'1')
SET IDENTITY_INSERT [Nt_Article_Class] OFF

SET IDENTITY_INSERT [Nt_Order] ON
insert into [Nt_Order]([OrderGuid],[CustomerId],[CustomerIp],[CustomerConsigneeId],[Status],[ShippingStatus],[PaymentStatus],[PaymentMethodId],[ShippingMethodId],[OrderTotal],[OrderTotalDiscount],[RefundedAmount],[CardType],[CardName],[CardNumber],[PaidDate],[Deleted],[CreatedDate],[Note],[OrderMessage],[ShippingExpense],[CommissionCharge],[Id])values(N'b0bac856-c945-4cd8-b25a-753ae68aeba8',N'1',N'::1',N'1',N'10',N'20',N'10',N'1',N'1',N'296580.0000',N'0.0000',N'0.0000',N'',N'',N'',N'2015/1/7 13:39:27',N'False',N'2015/1/7 13:39:27',N'',N'',N'0.0000',N'0.0000',N'1')
insert into [Nt_Order]([OrderGuid],[CustomerId],[CustomerIp],[CustomerConsigneeId],[Status],[ShippingStatus],[PaymentStatus],[PaymentMethodId],[ShippingMethodId],[OrderTotal],[OrderTotalDiscount],[RefundedAmount],[CardType],[CardName],[CardNumber],[PaidDate],[Deleted],[CreatedDate],[Note],[OrderMessage],[ShippingExpense],[CommissionCharge],[Id])values(N'86842deb-c685-44a8-ad4a-7adc6c517acc',N'1',N'::1',N'1',N'10',N'20',N'10',N'1',N'1',N'194400.0000',N'0.0000',N'0.0000',N'',N'',N'',N'2015/1/7 15:32:50',N'False',N'2015/1/7 15:32:50',N'',N'',N'0.0000',N'0.0000',N'2')
insert into [Nt_Order]([OrderGuid],[CustomerId],[CustomerIp],[CustomerConsigneeId],[Status],[ShippingStatus],[PaymentStatus],[PaymentMethodId],[ShippingMethodId],[OrderTotal],[OrderTotalDiscount],[RefundedAmount],[CardType],[CardName],[CardNumber],[PaidDate],[Deleted],[CreatedDate],[Note],[OrderMessage],[ShippingExpense],[CommissionCharge],[Id])values(N'af2795b7-7c81-4c58-af89-84c349c25f3b',N'1',N'::1',N'1',N'10',N'20',N'10',N'1',N'1',N'72900.0000',N'0.0000',N'0.0000',N'',N'',N'',N'2015/1/8 11:31:42',N'False',N'2015/1/8 11:31:42',N'',N'',N'0.0000',N'0.0000',N'3')
insert into [Nt_Order]([OrderGuid],[CustomerId],[CustomerIp],[CustomerConsigneeId],[Status],[ShippingStatus],[PaymentStatus],[PaymentMethodId],[ShippingMethodId],[OrderTotal],[OrderTotalDiscount],[RefundedAmount],[CardType],[CardName],[CardNumber],[PaidDate],[Deleted],[CreatedDate],[Note],[OrderMessage],[ShippingExpense],[CommissionCharge],[Id])values(N'c30b794c-2ca4-41eb-86f4-3377129209a6',N'1',N'::1',N'1',N'10',N'20',N'10',N'1',N'1',N'36450.0000',N'0.0000',N'0.0000',N'',N'',N'',N'2015/1/8 14:12:48',N'False',N'2015/1/8 14:12:48',N'',N'',N'0.0000',N'0.0000',N'4')
SET IDENTITY_INSERT [Nt_Order] OFF

SET IDENTITY_INSERT [Nt_Banner] ON
SET IDENTITY_INSERT [Nt_Banner] OFF

SET IDENTITY_INSERT [Nt_Brand] ON
insert into [Nt_Brand]([Name],[PictureUrl],[Description],[Url],[Display],[DisplayOrder],[LanguageId],[Id])values(N'nike',N'/content/images/b1.jpg',N'nike',N'',N'True',N'0',N'1',N'1')
insert into [Nt_Brand]([Name],[PictureUrl],[Description],[Url],[Display],[DisplayOrder],[LanguageId],[Id])values(N'camper',N'/content/images/b2.jpg',N'camper',N'',N'True',N'0',N'1',N'2')
insert into [Nt_Brand]([Name],[PictureUrl],[Description],[Url],[Display],[DisplayOrder],[LanguageId],[Id])values(N'new balance',N'/content/images/b3.jpg',N'new balance',N'',N'True',N'0',N'1',N'3')
insert into [Nt_Brand]([Name],[PictureUrl],[Description],[Url],[Display],[DisplayOrder],[LanguageId],[Id])values(N'converse',N'/content/images/b4.jpg',N'converse',N'',N'True',N'0',N'1',N'4')
insert into [Nt_Brand]([Name],[PictureUrl],[Description],[Url],[Display],[DisplayOrder],[LanguageId],[Id])values(N'puma',N'/content/images/b5.jpg',N'puma',N'',N'True',N'0',N'1',N'5')
insert into [Nt_Brand]([Name],[PictureUrl],[Description],[Url],[Display],[DisplayOrder],[LanguageId],[Id])values(N'adidas',N'/content/images/b6.jpg',N'adidas',N'',N'True',N'0',N'1',N'6')
insert into [Nt_Brand]([Name],[PictureUrl],[Description],[Url],[Display],[DisplayOrder],[LanguageId],[Id])values(N'superga',N'/content/images/b7.jpg',N'superga',N'',N'True',N'0',N'1',N'7')
SET IDENTITY_INSERT [Nt_Brand] OFF

SET IDENTITY_INSERT [Nt_OrderNote] ON
insert into [Nt_OrderNote]([OrderId],[Note],[DisplayToCustomer],[CreatedDate],[Id])values(N'1',N'dadada',N'True',N'2015/1/7 13:54:08',N'1')
insert into [Nt_OrderNote]([OrderId],[Note],[DisplayToCustomer],[CreatedDate],[Id])values(N'2',N'sxd',N'True',N'2015/1/7 15:34:25',N'3')
insert into [Nt_OrderNote]([OrderId],[Note],[DisplayToCustomer],[CreatedDate],[Id])values(N'1',N'爱心',N'True',N'2015/1/9 15:52:19',N'4')
insert into [Nt_OrderNote]([OrderId],[Note],[DisplayToCustomer],[CreatedDate],[Id])values(N'1',N'中创信测   从自行车自行车中创信测   从自行车自行车中创信测   从自行车自行车中创信测   从自行车自行车中创信测   从自行车自行车中创信测   从自行车自行车中创信测   从自行车自行车中创信测   从自行车自行车中创信测   从自行车自行车中创信测   从自行车自行车中创信测   从自行车自行车',N'True',N'2015/1/9 15:52:30',N'5')
SET IDENTITY_INSERT [Nt_OrderNote] OFF

SET IDENTITY_INSERT [Nt_Campaign] ON
insert into [Nt_Campaign]([Name],[Subject],[Body],[CreatedDate],[Id],[Display],[DisplayOrder])values(N'正大广场迎新品牌促销',N'正大广场迎新品牌促销',N'<p>
	活动时间：2015年1月4日-2015年1月22日
</p>
<p>
	活动地点：七宝镇漕宝路3509号
</p>
<p>
	活动内容：魅力暖冬，1/4~1/22期间， 暖意精选冬装5折！部分皮衣皮草3折！抢购性感美靴299元起！
</p>',N'2015/1/9 3:53:23',N'1',N'True',N'0')
insert into [Nt_Campaign]([Name],[Subject],[Body],[CreatedDate],[Id],[Display],[DisplayOrder])values(N'上海广场新年会员活动',N'上海广场新年会员活动',N'<p>
	活动时间：2015年1月1日-2015年1月31日
</p>
<p>
	活动地点：黄浦区淮海中路138号
</p>
<p>
	活动内容：【2015年一月新年会员专享】蓝蛙bluefrog中国，购买早午餐菜单中任意两份特色早午餐，汉堡或意面，即可获赠小蓝蛙菜单中主菜一份。哈根达斯Haagen-Dazs 特价9.2折，余仁生EuYanSang 享特级燕盏买20g送10g
</p>',N'2015/1/9 15:54:30',N'2',N'',N'')
SET IDENTITY_INSERT [Nt_Campaign] OFF

SET IDENTITY_INSERT [Nt_PaymentMethod] ON
insert into [Nt_PaymentMethod]([Name],[Description],[DisplayOrder],[Id])values(N'支付宝',N'支付宝是全球领先的第三方支付平台，成立于2004年12月，致力于为用户提供“简单、安全、快速”的支付解决方案。旗下有“支付宝”与“支付宝钱包”两个独立品牌。自2014年第二季度开始成为当前全球最大的移动支付厂商。',N'0',N'1')
insert into [Nt_PaymentMethod]([Name],[Description],[DisplayOrder],[Id])values(N'网银',N'网上银行（Internetbank or E-bank），包含两个层次的含义，一个是机构概念，指通过信息网络开办业务的银行；另一个是业务概念，指银行通过信息网络提供的金融服务，包括传统银行业务和因信息技术应用带来的新兴业务。在日常生活和工作中，我们提及网上银行，更多是第二层次的概念，即网上银行服务的概念。网上银行业务不仅仅是传统银行产品简单从网上的转移，其他服务方式和内涵发生了一定的变化，而且由于信息技术的应用，又产生了全新的业务品种。',N'0',N'2')
SET IDENTITY_INSERT [Nt_PaymentMethod] OFF

SET IDENTITY_INSERT [Nt_OrderItem] ON
insert into [Nt_OrderItem]([OrderItemGuid],[OrderId],[GoodsId],[Quantity],[DiscountAmount],[Adjustment],[Price],[SubTotalDiscount],[SubTotal],[SubMoneyforshipping],[SubMoneyforpayment],[SubTotalPoints],[AttributesXml],[Note],[Id])values(N'1b6c472f-0aaa-496c-b39a-475a588e64bc',N'1',N'2',N'3',N'0.0000',N'0.0000',N'12000.0000',N'0.0000',N'36000.0000',N'0.0000',N'0.0000',N'0.0000',N'<attributeXml><add valueId="1"><label>颜色:</label>红色</add><add valueId="4"><label>尺码:</label>大</add><add valueId="8"><label>款式:</label>中古</add></attributeXml>',N'',N'1')
insert into [Nt_OrderItem]([OrderItemGuid],[OrderId],[GoodsId],[Quantity],[DiscountAmount],[Adjustment],[Price],[SubTotalDiscount],[SubTotal],[SubMoneyforshipping],[SubMoneyforpayment],[SubTotalPoints],[AttributesXml],[Note],[Id])values(N'602e2971-237d-4dc3-b067-3575698644e5',N'1',N'2',N'4',N'0.0000',N'0.0000',N'12000.0000',N'0.0000',N'48000.0000',N'0.0000',N'0.0000',N'0.0000',N'<attributeXml><add valueId="1" ajustment="0.0000"><label>颜色:</label>红色</add><add valueId="4" ajustment="0.00"><label>尺码:</label>大</add><add valueId="8" ajustment="0.0000"><label>款式:</label>中古</add></attributeXml>',N'',N'2')
insert into [Nt_OrderItem]([OrderItemGuid],[OrderId],[GoodsId],[Quantity],[DiscountAmount],[Adjustment],[Price],[SubTotalDiscount],[SubTotal],[SubMoneyforshipping],[SubMoneyforpayment],[SubTotalPoints],[AttributesXml],[Note],[Id])values(N'49d4db88-0448-4030-aa22-bf3c867e1fbb',N'1',N'2',N'6',N'0.0000',N'0.0000',N'12000.0000',N'0.0000',N'72000.0000',N'0.0000',N'0.0000',N'0.0000',N'<attributeXml><add valueId="1" ajustment="150.0000"><label>颜色:</label>红色</add><add valueId="4" ajustment="0.00"><label>尺码:</label>大</add><add valueId="8" ajustment="0.0000"><label>款式:</label>中古</add></attributeXml>',N'',N'3')
insert into [Nt_OrderItem]([OrderItemGuid],[OrderId],[GoodsId],[Quantity],[DiscountAmount],[Adjustment],[Price],[SubTotalDiscount],[SubTotal],[SubMoneyforshipping],[SubMoneyforpayment],[SubTotalPoints],[AttributesXml],[Note],[Id])values(N'f4255506-8ad8-4c69-9dec-c166d59f80ab',N'1',N'2',N'11',N'0.0000',N'780.0000',N'12780.0000',N'0.0000',N'140580.0000',N'0.0000',N'0.0000',N'0.0000',N'<attributeXml><add valueId="3" adjustment="780.0000"><label>颜色:</label>蓝色</add><add valueId="4" adjustment="0.00"><label>尺码:</label>大</add><add valueId="10" adjustment="null"><label>款式:</label>null</add></attributeXml>',N'',N'4')
insert into [Nt_OrderItem]([OrderItemGuid],[OrderId],[GoodsId],[Quantity],[DiscountAmount],[Adjustment],[Price],[SubTotalDiscount],[SubTotal],[SubMoneyforshipping],[SubMoneyforpayment],[SubTotalPoints],[AttributesXml],[Note],[Id])values(N'f8eb84e8-6e05-4252-8d60-fc88fc3390b0',N'2',N'2',N'1',N'0.0000',N'150.0000',N'12150.0000',N'0.0000',N'12150.0000',N'0.0000',N'0.0000',N'0.0000',N'<attributeXml><add valueId="1" adjustment="150.0000"><label>颜色:</label>红色</add><add valueId="4" adjustment="0.00"><label>尺码:</label>大</add><add valueId="8" adjustment="0.0000"><label>款式:</label>中古</add></attributeXml>',N'',N'5')
insert into [Nt_OrderItem]([OrderItemGuid],[OrderId],[GoodsId],[Quantity],[DiscountAmount],[Adjustment],[Price],[SubTotalDiscount],[SubTotal],[SubMoneyforshipping],[SubMoneyforpayment],[SubTotalPoints],[AttributesXml],[Note],[Id])values(N'9a701a97-7e76-4ad1-95ad-00b28422a4a9',N'2',N'2',N'9',N'0.0000',N'150.0000',N'12150.0000',N'0.0000',N'109350.0000',N'0.0000',N'0.0000',N'0.0000',N'<attributeXml><add valueId="1" adjustment="150.0000"><label>颜色:</label>红色</add><add valueId="4" adjustment="0.00"><label>尺码:</label>大</add><add valueId="8" adjustment="0.0000"><label>款式:</label>中古</add></attributeXml>',N'',N'6')
insert into [Nt_OrderItem]([OrderItemGuid],[OrderId],[GoodsId],[Quantity],[DiscountAmount],[Adjustment],[Price],[SubTotalDiscount],[SubTotal],[SubMoneyforshipping],[SubMoneyforpayment],[SubTotalPoints],[AttributesXml],[Note],[Id])values(N'766bc51d-8de4-49c1-8c96-2c7d885ca658',N'2',N'2',N'3',N'0.0000',N'150.0000',N'12150.0000',N'0.0000',N'36450.0000',N'0.0000',N'0.0000',N'0.0000',N'<attributeXml><add valueId="1" adjustment="150.0000"><label>颜色:</label>红色</add><add valueId="4" adjustment="0.00"><label>尺码:</label>大</add><add valueId="8" adjustment="0.0000"><label>款式:</label>中古</add></attributeXml>',N'',N'7')
insert into [Nt_OrderItem]([OrderItemGuid],[OrderId],[GoodsId],[Quantity],[DiscountAmount],[Adjustment],[Price],[SubTotalDiscount],[SubTotal],[SubMoneyforshipping],[SubMoneyforpayment],[SubTotalPoints],[AttributesXml],[Note],[Id])values(N'9f1792df-47b8-4bea-80d8-0bd8c76ea3b8',N'2',N'2',N'3',N'0.0000',N'150.0000',N'12150.0000',N'0.0000',N'36450.0000',N'0.0000',N'0.0000',N'0.0000',N'<attributeXml><add valueId="1" adjustment="150.0000"><label>颜色:</label>红色</add><add valueId="4" adjustment="0.00"><label>尺码:</label>大</add><add valueId="8" adjustment="0.0000"><label>款式:</label>中古</add></attributeXml>',N'',N'8')
insert into [Nt_OrderItem]([OrderItemGuid],[OrderId],[GoodsId],[Quantity],[DiscountAmount],[Adjustment],[Price],[SubTotalDiscount],[SubTotal],[SubMoneyforshipping],[SubMoneyforpayment],[SubTotalPoints],[AttributesXml],[Note],[Id])values(N'541c0659-5e14-4a98-8e25-65f00b74c3f1',N'3',N'2',N'1',N'0.0000',N'150.0000',N'12150.0000',N'0.0000',N'12150.0000',N'0.0000',N'0.0000',N'0.0000',N'<ol><li valueId="1" adjustment="150.0000"><label>颜色:</label>红色</li><li valueId="4" adjustment="0.00"><label>尺码:</label>大</li><li valueId="8" adjustment="0.0000"><label>款式:</label>中古</li></ol>',N'',N'9')
insert into [Nt_OrderItem]([OrderItemGuid],[OrderId],[GoodsId],[Quantity],[DiscountAmount],[Adjustment],[Price],[SubTotalDiscount],[SubTotal],[SubMoneyforshipping],[SubMoneyforpayment],[SubTotalPoints],[AttributesXml],[Note],[Id])values(N'af41c34a-584d-4e24-bc51-a8ab54598ada',N'3',N'2',N'1',N'0.0000',N'150.0000',N'12150.0000',N'0.0000',N'12150.0000',N'0.0000',N'0.0000',N'0.0000',N'<ol><li valueId="1" adjustment="150.0000"><label>颜色:</label>红色</li><li valueId="4" adjustment="0.00"><label>尺码:</label>大</li><li valueId="8" adjustment="0.0000"><label>款式:</label>中古</li></ol>',N'',N'10')
insert into [Nt_OrderItem]([OrderItemGuid],[OrderId],[GoodsId],[Quantity],[DiscountAmount],[Adjustment],[Price],[SubTotalDiscount],[SubTotal],[SubMoneyforshipping],[SubMoneyforpayment],[SubTotalPoints],[AttributesXml],[Note],[Id])values(N'ecbde16d-8334-4cfd-baa3-fa9aa6b3c827',N'3',N'2',N'1',N'0.0000',N'150.0000',N'12150.0000',N'0.0000',N'12150.0000',N'0.0000',N'0.0000',N'0.0000',N'<ol><li valueId="1" adjustment="150.0000"><label>颜色:</label>红色</li><li valueId="4" adjustment="0.00"><label>尺码:</label>大</li><li valueId="8" adjustment="0.0000"><label>款式:</label>中古</li></ol>',N'',N'11')
insert into [Nt_OrderItem]([OrderItemGuid],[OrderId],[GoodsId],[Quantity],[DiscountAmount],[Adjustment],[Price],[SubTotalDiscount],[SubTotal],[SubMoneyforshipping],[SubMoneyforpayment],[SubTotalPoints],[AttributesXml],[Note],[Id])values(N'82e79698-4ea0-44bf-ab6a-cc5e4cefd88e',N'3',N'2',N'1',N'0.0000',N'150.0000',N'12150.0000',N'0.0000',N'12150.0000',N'0.0000',N'0.0000',N'0.0000',N'<ol><li valueId="1" adjustment="150.0000"><label>颜色:</label>红色</li><li valueId="4" adjustment="0.00"><label>尺码:</label>大</li><li valueId="8" adjustment="0.0000"><label>款式:</label>中古</li></ol>',N'',N'12')
insert into [Nt_OrderItem]([OrderItemGuid],[OrderId],[GoodsId],[Quantity],[DiscountAmount],[Adjustment],[Price],[SubTotalDiscount],[SubTotal],[SubMoneyforshipping],[SubMoneyforpayment],[SubTotalPoints],[AttributesXml],[Note],[Id])values(N'1b1037eb-c476-4490-9b8c-348bcbd41ccb',N'3',N'2',N'1',N'0.0000',N'150.0000',N'12150.0000',N'0.0000',N'12150.0000',N'0.0000',N'0.0000',N'0.0000',N'<ol><li valueId="1" adjustment="150.0000"><label>颜色:</label>红色</li><li valueId="4" adjustment="0.00"><label>尺码:</label>大</li><li valueId="8" adjustment="0.0000"><label>款式:</label>中古</li></ol>',N'',N'13')
insert into [Nt_OrderItem]([OrderItemGuid],[OrderId],[GoodsId],[Quantity],[DiscountAmount],[Adjustment],[Price],[SubTotalDiscount],[SubTotal],[SubMoneyforshipping],[SubMoneyforpayment],[SubTotalPoints],[AttributesXml],[Note],[Id])values(N'98b2da8e-9959-48b8-a3d3-ccb28dfe1bf3',N'3',N'2',N'1',N'0.0000',N'150.0000',N'12150.0000',N'0.0000',N'12150.0000',N'0.0000',N'0.0000',N'0.0000',N'<ol><li valueId="1" adjustment="150.0000"><label>颜色:</label>红色</li><li valueId="4" adjustment="0.00"><label>尺码:</label>大</li><li valueId="8" adjustment="0.0000"><label>款式:</label>中古</li></ol>',N'',N'14')
insert into [Nt_OrderItem]([OrderItemGuid],[OrderId],[GoodsId],[Quantity],[DiscountAmount],[Adjustment],[Price],[SubTotalDiscount],[SubTotal],[SubMoneyforshipping],[SubMoneyforpayment],[SubTotalPoints],[AttributesXml],[Note],[Id])values(N'021ccbf9-fac1-47c5-88e6-974dd0a35334',N'4',N'2',N'1',N'0.0000',N'150.0000',N'12150.0000',N'0.0000',N'12150.0000',N'0.0000',N'0.0000',N'0.0000',N'<ol><li valueId="1" adjustment="150.0000"><label>颜色:</label>红色</li><li valueId="4" adjustment="0.00"><label>尺码:</label>大</li><li valueId="8" adjustment="0.0000"><label>款式:</label>中古</li></ol>',N'',N'15')
insert into [Nt_OrderItem]([OrderItemGuid],[OrderId],[GoodsId],[Quantity],[DiscountAmount],[Adjustment],[Price],[SubTotalDiscount],[SubTotal],[SubMoneyforshipping],[SubMoneyforpayment],[SubTotalPoints],[AttributesXml],[Note],[Id])values(N'f53523f7-eeca-4506-8add-1fc758c4ab1f',N'4',N'2',N'1',N'0.0000',N'150.0000',N'12150.0000',N'0.0000',N'12150.0000',N'0.0000',N'0.0000',N'0.0000',N'<ol><li valueId="1" adjustment="150.0000"><label>颜色:</label>红色</li><li valueId="4" adjustment="0.00"><label>尺码:</label>大</li><li valueId="8" adjustment="0.0000"><label>款式:</label>中古</li></ol>',N'',N'16')
insert into [Nt_OrderItem]([OrderItemGuid],[OrderId],[GoodsId],[Quantity],[DiscountAmount],[Adjustment],[Price],[SubTotalDiscount],[SubTotal],[SubMoneyforshipping],[SubMoneyforpayment],[SubTotalPoints],[AttributesXml],[Note],[Id])values(N'3731f5f2-69a1-402d-90dc-e9a80c69e6c8',N'4',N'2',N'1',N'0.0000',N'150.0000',N'12150.0000',N'0.0000',N'12150.0000',N'0.0000',N'0.0000',N'0.0000',N'<ol><li valueId="1" adjustment="150.0000"><label>颜色:</label>红色</li><li valueId="4" adjustment="0.00"><label>尺码:</label>大</li><li valueId="8" adjustment="0.0000"><label>款式:</label>中古</li></ol>',N'',N'17')
SET IDENTITY_INSERT [Nt_OrderItem] OFF

SET IDENTITY_INSERT [Nt_Customer] ON
insert into [Nt_Customer]([CustomerRoleId],[Name],[Password],[Email],[Points],[CreatedDate],[RealName],[Address],[Phone],[Mobile],[Zip],[Active],[BirthDay],[Gender],[LastLoginIP],[LastLoginDate],[LoginTimes],[Id])values(N'1',N'zxh',N'25F9E794323B453885F5181F1B624D0B',N'1210372315@qq.com',N'0',N'2015/1/4 9:23:45',N'张星海',N'naite company ltd',N'0411-82527872',N'18742538743',N'116600',N'True',N'1989/2/8 0:00:00',N'True',N'::1',N'2015/1/5 16:20:34',N'253',N'1')
SET IDENTITY_INSERT [Nt_Customer] OFF

SET IDENTITY_INSERT [Nt_Permission] ON
insert into [Nt_Permission]([IsCategory],[FatherId],[Name],[EnglishName],[SystemName],[Src],[Display],[DisplayOrder],[Id])values(N'True',N'0',N'系统首页',N'SYSTEM',N'netin',N'/netin/content/images/ico-dashboard.png',N'True',N'1',N'1')
insert into [Nt_Permission]([IsCategory],[FatherId],[Name],[EnglishName],[SystemName],[Src],[Display],[DisplayOrder],[Id])values(N'False',N'1',N'系统首页',N'SYSTEM',N'netin.index',N'/netin/index.aspx',N'True',N'13',N'2')
insert into [Nt_Permission]([IsCategory],[FatherId],[Name],[EnglishName],[SystemName],[Src],[Display],[DisplayOrder],[Id])values(N'True',N'0',N'系统平台',N'SYSTEM DASHBOARD',N'netin.common',N'/netin/content/images/ico-configuration.png',N'True',N'10',N'3')
insert into [Nt_Permission]([IsCategory],[FatherId],[Name],[EnglishName],[SystemName],[Src],[Display],[DisplayOrder],[Id])values(N'False',N'3',N'Banner图管理',N'BANNER MANAGEMENT',N'netin.common.banner',N'/netin/common/banner.aspx',N'True',N'70',N'4')
insert into [Nt_Permission]([IsCategory],[FatherId],[Name],[EnglishName],[SystemName],[Src],[Display],[DisplayOrder],[Id])values(N'False',N'3',N'友情链接',N'FRIEND LINKS',N'netin.common.friendlink',N'/netin/common/friendlink.aspx',N'True',N'60',N'5')
insert into [Nt_Permission]([IsCategory],[FatherId],[Name],[EnglishName],[SystemName],[Src],[Display],[DisplayOrder],[Id])values(N'False',N'3',N'语言管理',N'LANGUAGE',N'netin.common.language',N'/netin/common/language.aspx',N'True',N'20',N'6')
insert into [Nt_Permission]([IsCategory],[FatherId],[Name],[EnglishName],[SystemName],[Src],[Display],[DisplayOrder],[Id])values(N'False',N'3',N'导航管理',N'SYSTEM MENU',N'netin.common.navigation',N'/netin/common/navigation.aspx',N'True',N'30',N'7')
insert into [Nt_Permission]([IsCategory],[FatherId],[Name],[EnglishName],[SystemName],[Src],[Display],[DisplayOrder],[Id])values(N'False',N'3',N'网站设置',N'WEBSITE SETTINGS',N'netin.common.settings',N'/netin/common/settings.aspx',N'True',N'10',N'8')
insert into [Nt_Permission]([IsCategory],[FatherId],[Name],[EnglishName],[SystemName],[Src],[Display],[DisplayOrder],[Id])values(N'False',N'3',N'幻灯片管理',N'SLIDER MANAGEMENT',N'netin.common.slider',N'/netin/common/slider.aspx',N'True',N'80',N'9')
insert into [Nt_Permission]([IsCategory],[FatherId],[Name],[EnglishName],[SystemName],[Src],[Display],[DisplayOrder],[Id])values(N'False',N'3',N'系统日志',N'SYSTEM LOG',N'netin.common.log',N'/netin/common/log.aspx',N'True',N'40',N'10')
insert into [Nt_Permission]([IsCategory],[FatherId],[Name],[EnglishName],[SystemName],[Src],[Display],[DisplayOrder],[Id])values(N'True',N'0',N'商品',N'GOODS',N'netin.goods',N'/netin/content/images/ico-goods.png',N'True',N'30',N'11')
insert into [Nt_Permission]([IsCategory],[FatherId],[Name],[EnglishName],[SystemName],[Src],[Display],[DisplayOrder],[Id])values(N'False',N'11',N'商品咨询',N'GOODS ASK',N'netin.goods.ask',N'/netin/goods/ask.aspx',N'True',N'70',N'12')
insert into [Nt_Permission]([IsCategory],[FatherId],[Name],[EnglishName],[SystemName],[Src],[Display],[DisplayOrder],[Id])values(N'False',N'11',N'属性管理',N'GOODS ATTRIBUTES',N'netin.goods.attribute',N'/netin/goods/attribute.aspx',N'True',N'50',N'13')
insert into [Nt_Permission]([IsCategory],[FatherId],[Name],[EnglishName],[SystemName],[Src],[Display],[DisplayOrder],[Id])values(N'False',N'11',N'添加商品分类',N'ADD GOODS CATEGORY',N'netin.goods.category_edit',N'/netin/goods/category_edit.aspx',N'True',N'40',N'14')
insert into [Nt_Permission]([IsCategory],[FatherId],[Name],[EnglishName],[SystemName],[Src],[Display],[DisplayOrder],[Id])values(N'False',N'11',N'商品分类管理',N'GOODS CATEGORY',N'netin.goods.category_list',N'/netin/goods/category_list.aspx',N'True',N'30',N'15')
insert into [Nt_Permission]([IsCategory],[FatherId],[Name],[EnglishName],[SystemName],[Src],[Display],[DisplayOrder],[Id])values(N'False',N'11',N'添加商品',N'ADD GOODS',N'netin.goods.goods_edit',N'/netin/goods/goods_edit.aspx',N'True',N'20',N'16')
insert into [Nt_Permission]([IsCategory],[FatherId],[Name],[EnglishName],[SystemName],[Src],[Display],[DisplayOrder],[Id])values(N'False',N'11',N'商品管理',N'GOODS MANAGEMENT',N'netin.goods.goods_list',N'/netin/goods/goods_list.aspx',N'True',N'10',N'17')
insert into [Nt_Permission]([IsCategory],[FatherId],[Name],[EnglishName],[SystemName],[Src],[Display],[DisplayOrder],[Id])values(N'False',N'11',N'商品参数组管理',N'GOODS PARAMETERS GROUP',N'netin.goods.parameter_group',N'/netin/goods/parameter_group.aspx',N'True',N'60',N'18')
insert into [Nt_Permission]([IsCategory],[FatherId],[Name],[EnglishName],[SystemName],[Src],[Display],[DisplayOrder],[Id])values(N'False',N'11',N'商品评论',N'GOODS REVIEWS',N'netin.goods.review',N'/netin/goods/review.aspx',N'True',N'80',N'19')
insert into [Nt_Permission]([IsCategory],[FatherId],[Name],[EnglishName],[SystemName],[Src],[Display],[DisplayOrder],[Id])values(N'False',N'11',N'商品标签',N'GOODS TAG MANAGEMENT',N'netin.goods.tag',N'/netin/goods/tag.aspx',N'True',N'90',N'20')
insert into [Nt_Permission]([IsCategory],[FatherId],[Name],[EnglishName],[SystemName],[Src],[Display],[DisplayOrder],[Id])values(N'True',N'0',N'销售',N'SALES',N'netin.sale',N'/netin/content/images/ico-sales.png',N'True',N'40',N'21')
insert into [Nt_Permission]([IsCategory],[FatherId],[Name],[EnglishName],[SystemName],[Src],[Display],[DisplayOrder],[Id])values(N'False',N'21',N'促销活动',N'SALE CAMPAIGN',N'netin.sale.campaign',N'/netin/sale/campaign.aspx',N'True',N'40',N'22')
insert into [Nt_Permission]([IsCategory],[FatherId],[Name],[EnglishName],[SystemName],[Src],[Display],[DisplayOrder],[Id])values(N'False',N'21',N'折扣',N'DISCOUNT',N'netin.sale.discount',N'/netin/sale/discount.aspx',N'True',N'30',N'23')
insert into [Nt_Permission]([IsCategory],[FatherId],[Name],[EnglishName],[SystemName],[Src],[Display],[DisplayOrder],[Id])values(N'False',N'21',N'订单管理',N'ORDER MANAGEMENT',N'netin.sale.orders',N'/netin/sale/orders.aspx',N'True',N'10',N'24')
insert into [Nt_Permission]([IsCategory],[FatherId],[Name],[EnglishName],[SystemName],[Src],[Display],[DisplayOrder],[Id])values(N'False',N'21',N'支付方式',N'PAYMENT METHODS',N'netin.sale.paymentmethod',N'/netin/sale/paymentmethod.aspx',N'True',N'20',N'25')
insert into [Nt_Permission]([IsCategory],[FatherId],[Name],[EnglishName],[SystemName],[Src],[Display],[DisplayOrder],[Id])values(N'False',N'21',N'商品推销',N'PROMOTION',N'netin.sale.promotion',N'/netin/sale/promotion.aspx',N'True',N'50',N'26')
insert into [Nt_Permission]([IsCategory],[FatherId],[Name],[EnglishName],[SystemName],[Src],[Display],[DisplayOrder],[Id])values(N'False',N'21',N'运送方式',N'SHIPPING METHODS',N'netin.sale.shippingmethod',N'/netin/sale/shippingmethod.aspx',N'True',N'60',N'27')
insert into [Nt_Permission]([IsCategory],[FatherId],[Name],[EnglishName],[SystemName],[Src],[Display],[DisplayOrder],[Id])values(N'False',N'21',N'收藏夹',N'WISHLIST',N'netin.sale.wishlist',N'/netin/sale/wishlist.aspx',N'True',N'70',N'28')
insert into [Nt_Permission]([IsCategory],[FatherId],[Name],[EnglishName],[SystemName],[Src],[Display],[DisplayOrder],[Id])values(N'False',N'21',N'购物车',N'SHOPPING CART',N'netin.sale.shoppingcart',N'/netin/sale/shoppingcart.aspx',N'True',N'80',N'29')
insert into [Nt_Permission]([IsCategory],[FatherId],[Name],[EnglishName],[SystemName],[Src],[Display],[DisplayOrder],[Id])values(N'True',N'0',N'管理员',N'USER',N'netin.user',N'/netin/content/images/ico-user.png',N'True',N'90',N'30')
insert into [Nt_Permission]([IsCategory],[FatherId],[Name],[EnglishName],[SystemName],[Src],[Display],[DisplayOrder],[Id])values(N'False',N'30',N'管理员授权',N'AUTHORIZATION',N'netin.user.authorize',N'/netin/user/authorize.aspx',N'True',N'40',N'31')
insert into [Nt_Permission]([IsCategory],[FatherId],[Name],[EnglishName],[SystemName],[Src],[Display],[DisplayOrder],[Id])values(N'False',N'30',N'授权项管理',N'PERMISSION RECORDS',N'netin.user.permission',N'/netin/user/permission.aspx',N'True',N'50',N'32')
insert into [Nt_Permission]([IsCategory],[FatherId],[Name],[EnglishName],[SystemName],[Src],[Display],[DisplayOrder],[Id])values(N'False',N'30',N'管理员组',N'USER GROUP',N'netin.user.userlevel',N'/netin/user/userlevel.aspx',N'True',N'30',N'33')
insert into [Nt_Permission]([IsCategory],[FatherId],[Name],[EnglishName],[SystemName],[Src],[Display],[DisplayOrder],[Id])values(N'False',N'30',N'管理员管理',N'USER MANAGEMENT',N'netin.user.users',N'/netin/user/users.aspx',N'True',N'10',N'34')
insert into [Nt_Permission]([IsCategory],[FatherId],[Name],[EnglishName],[SystemName],[Src],[Display],[DisplayOrder],[Id])values(N'False',N'30',N'添加管理员',N'ADD USER',N'netin.user.user_edit',N'/netin/user/user_edit.aspx',N'True',N'20',N'35')
insert into [Nt_Permission]([IsCategory],[FatherId],[Name],[EnglishName],[SystemName],[Src],[Display],[DisplayOrder],[Id])values(N'True',N'0',N'文章',N'CONTENT',N'netin.article',N'/netin/content/images/ico-content.png',N'True',N'70',N'36')
insert into [Nt_Permission]([IsCategory],[FatherId],[Name],[EnglishName],[SystemName],[Src],[Display],[DisplayOrder],[Id])values(N'False',N'36',N'文章管理',N'ARTICLE MANAGEMENT',N'netin.article.articles',N'/netin/article/articles.aspx',N'True',N'1',N'37')
insert into [Nt_Permission]([IsCategory],[FatherId],[Name],[EnglishName],[SystemName],[Src],[Display],[DisplayOrder],[Id])values(N'False',N'36',N'文章分类管理',N'ARTICLE CATEGORY',N'netin.article.article_class',N'/netin/article/article_class.aspx',N'True',N'2',N'38')
insert into [Nt_Permission]([IsCategory],[FatherId],[Name],[EnglishName],[SystemName],[Src],[Display],[DisplayOrder],[Id])values(N'False',N'36',N'添加文章分类',N'ADD ARTICLE CATEGORY',N'netin.article.article_class_edit',N'/netin/article/article_class_edit.aspx',N'True',N'3',N'39')
insert into [Nt_Permission]([IsCategory],[FatherId],[Name],[EnglishName],[SystemName],[Src],[Display],[DisplayOrder],[Id])values(N'False',N'36',N'添加文章',N'ADD ARTICLE',N'netin.article.edit',N'/netin/article/edit.aspx',N'True',N'4',N'40')
insert into [Nt_Permission]([IsCategory],[FatherId],[Name],[EnglishName],[SystemName],[Src],[Display],[DisplayOrder],[Id])values(N'True',N'0',N'产品',N'PRODUCT',N'netin.product',N'/netin/content/images/ico-product.png',N'True',N'75',N'41')
insert into [Nt_Permission]([IsCategory],[FatherId],[Name],[EnglishName],[SystemName],[Src],[Display],[DisplayOrder],[Id])values(N'False',N'41',N'产品管理',N'PRODUCT MANAGEMENT',N'netin.product.list',N'/netin/product/list.aspx',N'True',N'1',N'42')
insert into [Nt_Permission]([IsCategory],[FatherId],[Name],[EnglishName],[SystemName],[Src],[Display],[DisplayOrder],[Id])values(N'False',N'41',N'产品分类管理',N'CATEGORY MANAGEMENT',N'netin.product.categories',N'/netin/product/categories.aspx',N'True',N'2',N'43')
insert into [Nt_Permission]([IsCategory],[FatherId],[Name],[EnglishName],[SystemName],[Src],[Display],[DisplayOrder],[Id])values(N'False',N'41',N'添加产品分类',N'ADD PRODUCT CATEGORY',N'netin.product.category_edit',N'/netin/product/category_edit.aspx',N'True',N'3',N'44')
insert into [Nt_Permission]([IsCategory],[FatherId],[Name],[EnglishName],[SystemName],[Src],[Display],[DisplayOrder],[Id])values(N'False',N'41',N'添加产品',N'ADD PRODUCT',N'netin.product.edit',N'/netin/product/edit.aspx',N'True',N'4',N'45')
insert into [Nt_Permission]([IsCategory],[FatherId],[Name],[EnglishName],[SystemName],[Src],[Display],[DisplayOrder],[Id])values(N'True',N'0',N'二级页面',N'PAGES',N'netin.single',N'/netin/content/images/ico-page.png',N'True',N'50',N'46')
insert into [Nt_Permission]([IsCategory],[FatherId],[Name],[EnglishName],[SystemName],[Src],[Display],[DisplayOrder],[Id])values(N'False',N'46',N'添加二级页面',N'ADD PAGE',N'netin.single.edit',N'/netin/single/edit.aspx',N'True',N'20',N'47')
insert into [Nt_Permission]([IsCategory],[FatherId],[Name],[EnglishName],[SystemName],[Src],[Display],[DisplayOrder],[Id])values(N'False',N'46',N'二级页面管理',N'PAGE MANAGEMENT',N'netin.single.pages',N'/netin/single/pages.aspx',N'True',N'10',N'48')
insert into [Nt_Permission]([IsCategory],[FatherId],[Name],[EnglishName],[SystemName],[Src],[Display],[DisplayOrder],[Id])values(N'True',N'0',N'会员',N'CUSTOMER',N'netin.customer',N'/netin/content/images/ico-customers.png',N'True',N'80',N'49')
insert into [Nt_Permission]([IsCategory],[FatherId],[Name],[EnglishName],[SystemName],[Src],[Display],[DisplayOrder],[Id])values(N'False',N'49',N'收货人管理',N'CONSIGNEE MANAGEMENT',N'netin.customer.consignee',N'/netin/customer/consignee.aspx',N'True',N'40',N'50')
insert into [Nt_Permission]([IsCategory],[FatherId],[Name],[EnglishName],[SystemName],[Src],[Display],[DisplayOrder],[Id])values(N'False',N'49',N'添加会员',N'ADD CUSTOMER',N'netin.customer.edit',N'/netin/customer/edit.aspx',N'True',N'20',N'51')
insert into [Nt_Permission]([IsCategory],[FatherId],[Name],[EnglishName],[SystemName],[Src],[Display],[DisplayOrder],[Id])values(N'False',N'49',N'会员管理',N'CUSTOMER MANAGEMENT',N'netin.customer.list',N'/netin/customer/list.aspx',N'True',N'10',N'52')
insert into [Nt_Permission]([IsCategory],[FatherId],[Name],[EnglishName],[SystemName],[Src],[Display],[DisplayOrder],[Id])values(N'False',N'49',N'会员组管理',N'CUSTOMER ROLE',N'netin.customer.role',N'/netin/customer/role.aspx',N'True',N'30',N'53')
insert into [Nt_Permission]([IsCategory],[FatherId],[Name],[EnglishName],[SystemName],[Src],[Display],[DisplayOrder],[Id])values(N'True',N'0',N'留言',N'MESSAGE',N'netin.guestbook',N'/netin/content/images/ico-message.png',N'True',N'79',N'54')
insert into [Nt_Permission]([IsCategory],[FatherId],[Name],[EnglishName],[SystemName],[Src],[Display],[DisplayOrder],[Id])values(N'False',N'54',N'留言管理',N'MESSAGE MANAGEMENT',N'netin.guestbook.list',N'/netin/guestbook/list.aspx',N'True',N'30',N'55')
insert into [Nt_Permission]([IsCategory],[FatherId],[Name],[EnglishName],[SystemName],[Src],[Display],[DisplayOrder],[Id])values(N'False',N'41',N'产品设置',N'PRODUCT SETTINGS',N'netin.product.settings',N'/netin/product/settings.aspx',N'True',N'5',N'66')
insert into [Nt_Permission]([IsCategory],[FatherId],[Name],[EnglishName],[SystemName],[Src],[Display],[DisplayOrder],[Id])values(N'False',N'11',N'商品设置',N'GOODS SETTINGS',N'netin.goods.settings',N'/netin/goods/settings.aspx',N'True',N'100',N'67')
insert into [Nt_Permission]([IsCategory],[FatherId],[Name],[EnglishName],[SystemName],[Src],[Display],[DisplayOrder],[Id])values(N'False',N'21',N'发货单',N'SHIPPING ITEMS',N'netin.sale.shippings',N'/netin/sale/shippings.aspx',N'True',N'90',N'68')
insert into [Nt_Permission]([IsCategory],[FatherId],[Name],[EnglishName],[SystemName],[Src],[Display],[DisplayOrder],[Id])values(N'False',N'54',N'留言设置',N'SETTINGS',N'netin.guestbook.settings',N'/netin/guestbook/settings.aspx',N'True',N'40',N'71')
insert into [Nt_Permission]([IsCategory],[FatherId],[Name],[EnglishName],[SystemName],[Src],[Display],[DisplayOrder],[Id])values(N'False',N'3',N'邮箱账号管理',N'EMAILL ACCOUNTS',N'netin.common.emailaccount',N'/netin/common/emailaccount.aspx',N'True',N'50',N'72')
insert into [Nt_Permission]([IsCategory],[FatherId],[Name],[EnglishName],[SystemName],[Src],[Display],[DisplayOrder],[Id])values(N'False',N'3',N'站内链接',N'WEBSITE LINK WORDS',N'netin.common.websitelink',N'/netin/common/websitelink.aspx',N'True',N'90',N'73')
insert into [Nt_Permission]([IsCategory],[FatherId],[Name],[EnglishName],[SystemName],[Src],[Display],[DisplayOrder],[Id])values(N'False',N'3',N'网站地图',N'WEBSITE MAP',N'netin.common.sitemap',N'/netin/common/sitemap.aspx',N'True',N'100',N'74')
insert into [Nt_Permission]([IsCategory],[FatherId],[Name],[EnglishName],[SystemName],[Src],[Display],[DisplayOrder],[Id])values(N'False',N'3',N'栏目优化',N'SEO',N'netin.common.column_seo',N'/netin/common/column_seo.aspx',N'True',N'110',N'75')
insert into [Nt_Permission]([IsCategory],[FatherId],[Name],[EnglishName],[SystemName],[Src],[Display],[DisplayOrder],[Id])values(N'False',N'41',N'日期管理',N'DATE MANAGEMENT',N'netin.product.day',N'/netin/product/day.aspx',N'True',N'50',N'76')
insert into [Nt_Permission]([IsCategory],[FatherId],[Name],[EnglishName],[SystemName],[Src],[Display],[DisplayOrder],[Id])values(N'False',N'41',N'地区管理',N'AREA MANAGEMENT',N'netin.product.area',N'/netin/product/area.aspx',N'True',N'51',N'77')
insert into [Nt_Permission]([IsCategory],[FatherId],[Name],[EnglishName],[SystemName],[Src],[Display],[DisplayOrder],[Id])values(N'False',N'36',N'文章设置',N'ARTICLE SETTINGS',N'netin.article.settings',N'/netin/article/settings.aspx',N'True',N'5',N'78')
insert into [Nt_Permission]([IsCategory],[FatherId],[Name],[EnglishName],[SystemName],[Src],[Display],[DisplayOrder],[Id])values(N'True',N'0',N'数据库',N'DATABASE',N'netin.db',N'/netin/db',N'True',N'5',N'79')
insert into [Nt_Permission]([IsCategory],[FatherId],[Name],[EnglishName],[SystemName],[Src],[Display],[DisplayOrder],[Id])values(N'False',N'79',N'脚本执行',N'EXECUTE SCRIPT',N'netin.db.execute',N'/netin/db/execute.aspx',N'True',N'0',N'80')
insert into [Nt_Permission]([IsCategory],[FatherId],[Name],[EnglishName],[SystemName],[Src],[Display],[DisplayOrder],[Id])values(N'False',N'79',N'数据库备份',N'DATABASE BACKUP',N'netin.db.backup',N'/netin/db/backup.aspx',N'True',N'10',N'81')
insert into [Nt_Permission]([IsCategory],[FatherId],[Name],[EnglishName],[SystemName],[Src],[Display],[DisplayOrder],[Id])values(N'False',N'11',N'单位管理',N'MEASURE',N'netin.goods.measure',N'/netin/goods/measure.aspx',N'True',N'110',N'82')
insert into [Nt_Permission]([IsCategory],[FatherId],[Name],[EnglishName],[SystemName],[Src],[Display],[DisplayOrder],[Id])values(N'False',N'79',N'备份文件管理',N'BACKUP FILES',N'netin.db.backupfiles',N'/netin/db/backupfiles.aspx',N'True',N'30',N'83')
insert into [Nt_Permission]([IsCategory],[FatherId],[Name],[EnglishName],[SystemName],[Src],[Display],[DisplayOrder],[Id])values(N'False',N'3',N'图片管理',N'PICTURES',N'netin.common.media',N'/netin/common/media.aspx',N'True',N'120',N'84')
insert into [Nt_Permission]([IsCategory],[FatherId],[Name],[EnglishName],[SystemName],[Src],[Display],[DisplayOrder],[Id])values(N'False',N'11',N'品牌管理',N'BRAND',N'netin.goods.brand',N'/netin/goods/brand.aspx',N'True',N'120',N'85')
insert into [Nt_Permission]([IsCategory],[FatherId],[Name],[EnglishName],[SystemName],[Src],[Display],[DisplayOrder],[Id])values(N'False',N'3',N'Faq',N'FAQ MANAGEMENT',N'netin.common.faq',N'/netin/common/faq.aspx',N'True',N'150',N'86')
SET IDENTITY_INSERT [Nt_Permission] OFF

SET IDENTITY_INSERT [Nt_CustomerRole] ON
insert into [Nt_CustomerRole]([Name],[MeetPoints],[Note],[Active],[Id])values(N'common',N'20',N'',N'True',N'1')
SET IDENTITY_INSERT [Nt_CustomerRole] OFF

SET IDENTITY_INSERT [Nt_Faq] ON
insert into [Nt_Faq]([Question],[Answer],[Display],[DisplayOrder],[Type],[Id])values(N'adsa',N'asdasd',N'True',N'0',N'10',N'1')
insert into [Nt_Faq]([Question],[Answer],[Display],[DisplayOrder],[Type],[Id])values(N'解放军官兵挺进长白山腹地进行训练?',N'中国军网讯1月7日,第16集团军某旅组织官兵挺进长白山腹地茫茫雪野进行战术训练,锤炼官兵严寒条件下作战本领。(刘议闪 摄)
中国军网讯1月7日,第16集团军某旅组织官兵挺进长白山腹地茫茫雪野进行战术训练,锤炼官兵严寒条件下作战本领。(刘议闪 摄)
中国军网讯1月7日,第16集团军某旅组织官兵挺进长白山腹地茫茫雪野进行战术训练,锤炼官兵严寒条件下作战本领。(刘议闪 摄)
中国军网讯1月7日,第16集团军某旅组织官兵挺进长白山腹地茫茫雪野进行战术训练,锤炼官兵严寒条件下作战本领。(刘议闪 摄)
中国军网讯1月7日,第16集团军某旅组织官兵挺进长白山腹地茫茫雪野进行战术训练,锤炼官兵严寒条件下作战本领。(刘议闪 摄)',N'True',N'21',N'10',N'2')
SET IDENTITY_INSERT [Nt_Faq] OFF

SET IDENTITY_INSERT [Nt_Permission_UserLevel_Mapping] ON
SET IDENTITY_INSERT [Nt_Permission_UserLevel_Mapping] OFF

SET IDENTITY_INSERT [Nt_Customer_Consignee] ON
insert into [Nt_Customer_Consignee]([CustomerId],[Name],[Phone],[Mobile],[Email],[Address],[Zip],[Id])values(N'1',N'张星海',N'0411-82527872',N'18742538743',N'1210372315@qq.com',N'大连市中山区锦联大厦1505室',N'116600',N'1')
SET IDENTITY_INSERT [Nt_Customer_Consignee] OFF

SET IDENTITY_INSERT [Nt_Picture] ON
insert into [Nt_Picture]([DisplayOrder],[Alt],[Title],[Description],[Display],[Src],[Id])values(N'0',N'',N'',N'',N'True',N'/upload/goods/201501041042029775.jpg',N'1')
insert into [Nt_Picture]([DisplayOrder],[Alt],[Title],[Description],[Display],[Src],[Id])values(N'0',N'',N'',N'',N'True',N'/upload/goods/201501041042031308.jpg',N'2')
insert into [Nt_Picture]([DisplayOrder],[Alt],[Title],[Description],[Display],[Src],[Id])values(N'0',N'',N'',N'',N'True',N'/upload/goods/201501041042032265.jpg',N'3')
insert into [Nt_Picture]([DisplayOrder],[Alt],[Title],[Description],[Display],[Src],[Id])values(N'0',N'',N'',N'',N'True',N'/upload/goods/201501041042033056.jpg',N'4')
insert into [Nt_Picture]([DisplayOrder],[Alt],[Title],[Description],[Display],[Src],[Id])values(N'0',N'',N'',N'',N'True',N'/upload/goods/201501041042033867.jpg',N'5')
insert into [Nt_Picture]([DisplayOrder],[Alt],[Title],[Description],[Display],[Src],[Id])values(N'0',N'',N'',N'',N'True',N'/upload/goods/201501041042035263.jpg',N'6')
insert into [Nt_Picture]([DisplayOrder],[Alt],[Title],[Description],[Display],[Src],[Id])values(N'0',N'',N'',N'',N'True',N'/upload/goods/201501041042036650.jpg',N'7')
SET IDENTITY_INSERT [Nt_Picture] OFF

SET IDENTITY_INSERT [Nt_Customer_Message] ON
SET IDENTITY_INSERT [Nt_Customer_Message] OFF

SET IDENTITY_INSERT [Nt_Product] ON
SET IDENTITY_INSERT [Nt_Product] OFF

SET IDENTITY_INSERT [Nt_Customer_Wishlist] ON
SET IDENTITY_INSERT [Nt_Customer_Wishlist] OFF

SET IDENTITY_INSERT [Nt_ProductCategory] ON
SET IDENTITY_INSERT [Nt_ProductCategory] OFF

SET IDENTITY_INSERT [Nt_Day] ON
SET IDENTITY_INSERT [Nt_Day] OFF

SET IDENTITY_INSERT [Nt_Product_Picture_Mapping] ON
SET IDENTITY_INSERT [Nt_Product_Picture_Mapping] OFF

SET IDENTITY_INSERT [Nt_Discount] ON
SET IDENTITY_INSERT [Nt_Discount] OFF

SET IDENTITY_INSERT [Nt_ShippingMethod] ON
insert into [Nt_ShippingMethod]([Name],[Description],[DisplayOrder],[Id])values(N'顺丰',N'顺丰速运，于1993年3月26日在广东顺德成立。初期的业务为顺德与香港之间的即日速递业务，随着客户需求的增加，顺丰的服务网络延伸至中山、番禺、江门和佛山等地。',N'0',N'1')
insert into [Nt_ShippingMethod]([Name],[Description],[DisplayOrder],[Id])values(N'铁通',N'中国铁通集团有限公司（简称“中国铁通”）的前身是铁道通信信息有限责任公司，成立于2000年12月20日，共有省级分公司31个，地市分公司321个，员工7万人，系国有大型基础电信运营企业。2004年1月20日，经国务院批准，由铁道部移交国资委管理，更名为“中国铁通集团有限公司”，2008年5月23日，中国铁通集团有限公司正式并入中国移动通信集团公司，成为其全资子公司，保持相对独立运营。2009年12月15日，铁通公司将铁路通信业务、人员移交铁道部。铁路通信专网剥离后，铁通公司继续作为中国移动的全资子公司，从事公众通信业务。',N'0',N'2')
insert into [Nt_ShippingMethod]([Name],[Description],[DisplayOrder],[Id])values(N'圆通',N'圆通速递有限公司，在全国建立了8大管理区、多个派送网点，拥有12万余名员工，服务范围覆盖国内1600余个城市，通达包括港、澳、台地区在内的全球200余个国家和地区，航空运输通达城市达70余个。业务范围遍及全国31个省（自治区、直辖市）的所有市县乡（镇），营业网点超过4.5万个。',N'0',N'3')
SET IDENTITY_INSERT [Nt_ShippingMethod] OFF

SET IDENTITY_INSERT [Nt_EmailAccount] ON
insert into [Nt_EmailAccount]([Email],[DisplayName],[Host],[Port],[UserName],[Password],[EnableSsl],[UseDefaultCredentials],[IsDefault],[Id])values(N'zhangxinghai@naite.com.cn',N'zhangxinghai',N'smtp.qiye.163.com',N'25',N'zhangxinghai@naite.com.cn',N'3141592678abc',N'False',N'False',N'True',N'1')
SET IDENTITY_INSERT [Nt_EmailAccount] OFF

SET IDENTITY_INSERT [Nt_ShoppingCartItem] ON
insert into [Nt_ShoppingCartItem]([CustomerId],[GoodsId],[Quantity],[AttributesXml],[CreatedDate],[UpdatedDate],[Id])values(N'1',N'2',N'3',N'<ol><li valueId="1" adjustment="150.0000"><label>颜色:</label>红色</li><li valueId="4" adjustment="0.00"><label>尺码:</label>大</li><li valueId="8" adjustment="0.0000"><label>款式:</label>中古</li></ol>',N'2015/1/8 14:25:03',N'2015/1/8 14:25:03',N'28')
insert into [Nt_ShoppingCartItem]([CustomerId],[GoodsId],[Quantity],[AttributesXml],[CreatedDate],[UpdatedDate],[Id])values(N'1',N'2',N'40',N'<ol><li valueId="1" adjustment="150.0000"><label>颜色:</label>红色</li><li valueId="4" adjustment="0.00"><label>尺码:</label>大</li><li valueId="8" adjustment="0.0000"><label>款式:</label>中古</li></ol>',N'2015/1/8 14:25:04',N'2015/1/8 14:25:04',N'29')
insert into [Nt_ShoppingCartItem]([CustomerId],[GoodsId],[Quantity],[AttributesXml],[CreatedDate],[UpdatedDate],[Id])values(N'1',N'2',N'10',N'<ol><li valueId="1" adjustment="150.0000"><label>颜色:</label>红色</li><li valueId="4" adjustment="0.00"><label>尺码:</label>大</li><li valueId="8" adjustment="0.0000"><label>款式:</label>中古</li></ol>',N'2015/1/8 14:25:05',N'2015/1/8 14:25:05',N'30')
insert into [Nt_ShoppingCartItem]([CustomerId],[GoodsId],[Quantity],[AttributesXml],[CreatedDate],[UpdatedDate],[Id])values(N'1',N'2',N'1',N'<ol><li valueId="1" adjustment="150.0000"><label>颜色:</label>红色</li><li valueId="4" adjustment="0.00"><label>尺码:</label>大</li><li valueId="8" adjustment="0.0000"><label>款式:</label>中古</li></ol>',N'2015/1/8 16:54:49',N'2015/1/8 16:54:49',N'31')
SET IDENTITY_INSERT [Nt_ShoppingCartItem] OFF

SET IDENTITY_INSERT [Nt_Filter] ON
SET IDENTITY_INSERT [Nt_Filter] OFF

SET IDENTITY_INSERT [Nt_SinglePage] ON
SET IDENTITY_INSERT [Nt_SinglePage] OFF

SET IDENTITY_INSERT [Nt_FriendLink] ON
SET IDENTITY_INSERT [Nt_FriendLink] OFF

SET IDENTITY_INSERT [Nt_Slider] ON
insert into [Nt_Slider]([PictureUrl],[Url],[Title],[Display],[DisplayOrder],[LanguageId],[Id])values(N'/content/images/slide1.png',N'/index.aspx',N'slide1',N'True',N'0',N'1',N'1')
insert into [Nt_Slider]([PictureUrl],[Url],[Title],[Display],[DisplayOrder],[LanguageId],[Id])values(N'/content/images/slide2.png',N'/index.aspx',N'slide2',N'True',N'2',N'1',N'2')
SET IDENTITY_INSERT [Nt_Slider] OFF

SET IDENTITY_INSERT [Nt_Goods] ON
insert into [Nt_Goods]([GoodsClassId],[Name],[GoodsGuid],[Measure],[Price],[MarketPrice],[Cost],[OldPrice],[EnableVipPrice],[VipPrice],[EnableSpecialPrice],[SpecialPrice],[SpecialPriceStartDate],[SpecialPriceEndDate],[Rating],[SellNumber],[DisableBuyButton],[DisableWishlistButton],[OtherClass],[Points],[StockQuantity],[Weight],[Length],[Width],[Height],[SeoTitle],[SeoKeywords],[SeoDescription],[ShortDescription],[FullDescription],[Display],[DisplayOrder],[Deleted],[CreatedDate],[UpdatedDate],[UserId],[Recommended],[Hot],[SetTop],[IsNew],[Tags],[Guid],[PictureUrl],[PageNum],[DiscountId],[BrandId],[LanguageId],[Id])values(N'2',N'Nike Roshe Run',N'abc-201501041033',N'',N'109.9000',N'0.0000',N'109.9000',N'258.9000',N'False',N'0.0000',N'False',N'0.0000',N'2015/1/4 10:33:07',N'2015/1/4 10:33:07',N'0',N'0',N'False',N'False',N'1,3',N'0',N'0',N'0.0000',N'0.0000',N'0.0000',N'0.0000',N' Nike Roshe Run',N' Nike Roshe Run',N' Nike Roshe Run',N'Nike Roshe Run',N'Nike Roshe Run Nike Roshe Run Nike Roshe Run Nike Roshe Run Nike Roshe Run Nike Roshe Run Nike Roshe Run Nike Roshe Run Nike Roshe Run Nike Roshe Run Nike Roshe Run Nike Roshe Run Nike Roshe Run Nike Roshe Run Nike Roshe Run Nike Roshe Run Nike Roshe Run Nike Roshe Run Nike Roshe Run Nike Roshe Run Nike Roshe Run Nike Roshe Run Nike Roshe Run Nike Roshe Run Nike Roshe Run Nike Roshe Run Nike Roshe Run Nike Roshe Run Nike Roshe Run Nike Roshe Run Nike Roshe Run Nike Roshe Run Nike Roshe Run Nike Roshe Run Nike Roshe Run Nike Roshe Run Nike Roshe Run Nike Roshe Run Nike Roshe Run Nike Roshe Run Nike Roshe Run Nike Roshe Run Nike Roshe Run Nike Roshe Run Nike Roshe Run Nike Roshe Run Nike Roshe Run Nike Roshe Run Nike Roshe Run Nike Roshe Run Nike Roshe Run Nike Roshe Run Nike Roshe Run Nike Roshe Run Nike Roshe Run Nike Roshe Run Nike Roshe Run Nike Roshe Run Nike Roshe Run Nike Roshe Run Nike Roshe Run Nike Roshe Run Nike Roshe Run Nike Roshe Run Nike Roshe Run Nike Roshe Run Nike Roshe Run Nike Roshe Run Nike Roshe Run Nike Roshe Run Nike Roshe Run Nike Roshe Run Nike Roshe Run Nike Roshe Run Nike Roshe Run Nike Roshe Run Nike Roshe Run Nike Roshe Run Nike Roshe Run Nike Roshe Run Nike Roshe Run Nike Roshe Run Nike Roshe Run Nike Roshe Run Nike Roshe Run Nike Roshe Run Nike Roshe Run Nike Roshe Run Nike Roshe Run Nike Roshe Run Nike Roshe Run Nike Roshe Run Nike Roshe Run Nike Roshe Run Nike Roshe Run Nike Roshe Run Nike Roshe Run Nike Roshe Run Nike Roshe Run Nike Roshe Run Nike Roshe Run Nike Roshe Run Nike Roshe Run Nike Roshe Run Nike Roshe Run Nike Roshe Run Nike Roshe Run Nike Roshe Run Nike Roshe Run Nike Roshe Run Nike Roshe Run Nike Roshe Run Nike Roshe Run Nike Roshe Run Nike Roshe Run Nike Roshe Run Nike Roshe Run Nike Roshe Run Nike Roshe Run Nike Roshe Run Nike Roshe Run Nike Roshe Run Nike Roshe Run Nike Roshe Run Nike Roshe Run Nike Roshe Run Nike Roshe Run Nike Roshe Run Nike Roshe Run Nike Roshe Run Nike Roshe Run Nike Roshe Run Nike Roshe Run Nike Roshe Run Nike Roshe Run Nike Roshe Run Nike Roshe Run Nike Roshe Run Nike Roshe Run Nike Roshe Run Nike Roshe Run Nike Roshe Run Nike Roshe Run Nike Roshe Run Nike Roshe Run Nike Roshe Run Nike Roshe Run Nike Roshe Run Nike Roshe Run Nike Roshe Run Nike Roshe Run Nike Roshe Run Nike Roshe Run Nike Roshe Run Nike Roshe Run Nike Roshe Run Nike Roshe Run Nike Roshe Run Nike Roshe Run Nike Roshe Run Nike Roshe Run Nike Roshe Run Nike Roshe Run Nike Roshe Run Nike Roshe Run Nike Roshe Run Nike Roshe Run Nike Roshe Run Nike Roshe Run Nike Roshe Run Nike Roshe Run Nike Roshe Run Nike Roshe Run Nike Roshe Run Nike Roshe Run Nike Roshe Run Nike Roshe Run Nike Roshe Run Nike Roshe Run Nike Roshe Run Nike Roshe Run Nike Roshe Run Nike Roshe Run Nike Roshe Run Nike Roshe Run Nike Roshe Run Nike Roshe Run Nike Roshe Run Nike Roshe Run Nike Roshe Run Nike Roshe Run Nike Roshe Run Nike Roshe Run Nike Roshe Run Nike Roshe Run Nike Roshe Run Nike Roshe Run Nike Roshe Run Nike Roshe Run Nike Roshe Run Nike Roshe Run Nike Roshe Run Nike Roshe Run Nike Roshe Run Nike Roshe Run Nike Roshe Run Nike Roshe Run Nike Roshe Run Nike Roshe Run Nike Roshe Run Nike Roshe Run Nike Roshe Run Nike Roshe Run Nike Roshe Run Nike Roshe Run Nike Roshe Run Nike Roshe Run Nike Roshe Run Nike Roshe Run Nike Roshe Run Nike Roshe Run Nike Roshe Run Nike Roshe Run Nike Roshe Run Nike Roshe Run Nike Roshe Run Nike Roshe Run Nike Roshe Run Nike Roshe Run Nike Roshe Run Nike Roshe Run Nike Roshe Run Nike Roshe Run Nike Roshe Run Nike Roshe Run Nike Roshe Run Nike Roshe Run Nike Roshe Run Nike Roshe Run Nike Roshe Run<br />',N'True',N'0',N'False',N'2015/1/4 10:33:07',N'2016/4/4 10:33:07',N'1',N'False',N'False',N'False',N'False',N'',N'c2332a24-66df-41a1-852f-47a2fa8d7785',N'/content/images/p1.jpg',N'0',N'0',N'1',N'1',N'1')
insert into [Nt_Goods]([GoodsClassId],[Name],[GoodsGuid],[Measure],[Price],[MarketPrice],[Cost],[OldPrice],[EnableVipPrice],[VipPrice],[EnableSpecialPrice],[SpecialPrice],[SpecialPriceStartDate],[SpecialPriceEndDate],[Rating],[SellNumber],[DisableBuyButton],[DisableWishlistButton],[OtherClass],[Points],[StockQuantity],[Weight],[Length],[Width],[Height],[SeoTitle],[SeoKeywords],[SeoDescription],[ShortDescription],[FullDescription],[Display],[DisplayOrder],[Deleted],[CreatedDate],[UpdatedDate],[UserId],[Recommended],[Hot],[SetTop],[IsNew],[Tags],[Guid],[PictureUrl],[PageNum],[DiscountId],[BrandId],[LanguageId],[Id])values(N'2',N'Line Link 67009',N'abc-201501041037',N'',N'12000.0000',N'0.0000',N'0.0000',N'0.0000',N'False',N'0.0000',N'False',N'0.0000',N'2015/1/4 10:37:16',N'2015/1/4 10:37:16',N'0',N'0',N'False',N'False',N'1',N'0',N'1200',N'0.0000',N'0.0000',N'0.0000',N'0.0000',N'Line Link 67009',N'Line Link 67009',N'Line Link 67009',N'With its beautiful premium leather, lace-up oxford styling, recycled rubber outsoles and 9-inch height, this Earthkeepers City Premium style is an undeniably handsome boot. To complement its rustic, commanding outer appearance, we've paid attention to the inside as well - by adding SmartWool faux shearling to the linings and crafting the footbed using our exclusive anti-fatigue comfort foam technology to absorb shock. Imported.',N'<div class="product-fea">
	<p>
		Premium burnished full-grain leather and suede upper
	</p>
	<p>
		Leather is from a tannery rated Silver for its water, energy and waste-management practices
	</p>
	<p>
		Leather lining and footbed for a premium feel and optimal comfort
	</p>
	<p>
		SmartWool faux shearling lining is made with 60% merino wool and 40% PET
	</p>
	<p>
		Reflective insole board for additional warmth under foot
	</p>
	<p>
		100% organic cotton laces
	</p>
	<p>
		SmartWool fabric-lined anti-fatigue footbed provides superior, all-day comfort and climate control
	</p>
	<p>
		Timberland exclusive Gripstick and Green Rubber outsole is made with 42% recycled rubber
	</p>
</div>
<br />',N'True',N'0',N'False',N'2015/1/4 10:37:16',N'2015/1/4 10:37:16',N'1',N'False',N'False',N'False',N'False',N'',N'21a9c68b-d867-4cfe-a778-36941dce1d15',N'/content/images/p2.jpg',N'0',N'0',N'2',N'1',N'2')
insert into [Nt_Goods]([GoodsClassId],[Name],[GoodsGuid],[Measure],[Price],[MarketPrice],[Cost],[OldPrice],[EnableVipPrice],[VipPrice],[EnableSpecialPrice],[SpecialPrice],[SpecialPriceStartDate],[SpecialPriceEndDate],[Rating],[SellNumber],[DisableBuyButton],[DisableWishlistButton],[OtherClass],[Points],[StockQuantity],[Weight],[Length],[Width],[Height],[SeoTitle],[SeoKeywords],[SeoDescription],[ShortDescription],[FullDescription],[Display],[DisplayOrder],[Deleted],[CreatedDate],[UpdatedDate],[UserId],[Recommended],[Hot],[SetTop],[IsNew],[Tags],[Guid],[PictureUrl],[PageNum],[DiscountId],[BrandId],[LanguageId],[Id])values(N'2',N'Line Link 67009-copy',N'abc-201501041037-copy',N'',N'12000.0000',N'0.0000',N'0.0000',N'0.0000',N'False',N'0.0000',N'False',N'0.0000',N'2015/1/4 10:37:16',N'2015/1/4 10:37:16',N'0',N'0',N'False',N'False',N'1',N'0',N'0',N'0.0000',N'0.0000',N'0.0000',N'0.0000',N'Line Link 67009',N'Line Link 67009',N'Line Link 67009',N'With its beautiful premium leather, lace-up oxford styling, recycled rubber outsoles and 9-inch height, this Earthkeepers City Premium style is an undeniably handsome boot. To complement its rustic, commanding outer appearance, we've paid attention to the inside as well - by adding SmartWool faux shearling to the linings and crafting the footbed using our exclusive anti-fatigue comfort foam technology to absorb shock. Imported.',N'<div class="product-fea">
	<p>
		Premium burnished full-grain leather and suede upper
	</p>
	<p>
		Leather is from a tannery rated Silver for its water, energy and waste-management practices
	</p>
	<p>
		Leather lining and footbed for a premium feel and optimal comfort
	</p>
	<p>
		SmartWool faux shearling lining is made with 60% merino wool and 40% PET
	</p>
	<p>
		Reflective insole board for additional warmth under foot
	</p>
	<p>
		100% organic cotton laces
	</p>
	<p>
		SmartWool fabric-lined anti-fatigue footbed provides superior, all-day comfort and climate control
	</p>
	<p>
		Timberland exclusive Gripstick and Green Rubber outsole is made with 42% recycled rubber
	</p>
</div>
<br />',N'True',N'0',N'False',N'2015/1/4 10:37:16',N'2015/1/4 10:37:16',N'1',N'False',N'False',N'False',N'False',N'',N'8df730c4-c2a2-4799-bfed-524bdc0d5bcb',N'/content/images/p2.jpg',N'0',N'0',N'2',N'1',N'3')
insert into [Nt_Goods]([GoodsClassId],[Name],[GoodsGuid],[Measure],[Price],[MarketPrice],[Cost],[OldPrice],[EnableVipPrice],[VipPrice],[EnableSpecialPrice],[SpecialPrice],[SpecialPriceStartDate],[SpecialPriceEndDate],[Rating],[SellNumber],[DisableBuyButton],[DisableWishlistButton],[OtherClass],[Points],[StockQuantity],[Weight],[Length],[Width],[Height],[SeoTitle],[SeoKeywords],[SeoDescription],[ShortDescription],[FullDescription],[Display],[DisplayOrder],[Deleted],[CreatedDate],[UpdatedDate],[UserId],[Recommended],[Hot],[SetTop],[IsNew],[Tags],[Guid],[PictureUrl],[PageNum],[DiscountId],[BrandId],[LanguageId],[Id])values(N'2',N'Line Link 67009-copy-copy',N'abc-201501041037-copy-copy',N'',N'12000.0000',N'0.0000',N'0.0000',N'0.0000',N'False',N'0.0000',N'False',N'0.0000',N'2015/1/4 10:37:16',N'2015/1/4 10:37:16',N'0',N'0',N'False',N'False',N'1',N'0',N'0',N'0.0000',N'0.0000',N'0.0000',N'0.0000',N'Line Link 67009',N'Line Link 67009',N'Line Link 67009',N'With its beautiful premium leather, lace-up oxford styling, recycled rubber outsoles and 9-inch height, this Earthkeepers City Premium style is an undeniably handsome boot. To complement its rustic, commanding outer appearance, we've paid attention to the inside as well - by adding SmartWool faux shearling to the linings and crafting the footbed using our exclusive anti-fatigue comfort foam technology to absorb shock. Imported.',N'<div class="product-fea">
	<p>
		Premium burnished full-grain leather and suede upper
	</p>
	<p>
		Leather is from a tannery rated Silver for its water, energy and waste-management practices
	</p>
	<p>
		Leather lining and footbed for a premium feel and optimal comfort
	</p>
	<p>
		SmartWool faux shearling lining is made with 60% merino wool and 40% PET
	</p>
	<p>
		Reflective insole board for additional warmth under foot
	</p>
	<p>
		100% organic cotton laces
	</p>
	<p>
		SmartWool fabric-lined anti-fatigue footbed provides superior, all-day comfort and climate control
	</p>
	<p>
		Timberland exclusive Gripstick and Green Rubber outsole is made with 42% recycled rubber
	</p>
</div>
<br />',N'True',N'0',N'False',N'2015/1/4 10:37:16',N'2015/1/4 10:37:16',N'1',N'False',N'False',N'False',N'False',N'',N'c225db4d-1fba-49a9-810f-d86b25b90b6f',N'/content/images/p2.jpg',N'0',N'0',N'2',N'1',N'4')
SET IDENTITY_INSERT [Nt_Goods] OFF

SET IDENTITY_INSERT [Nt_User] ON
insert into [Nt_User]([UserName],[Password],[Email],[UserLevelId],[LastLoginIp],[LoginTimes],[LastLoginDate],[CreatedDate],[CreatedUserId],[Active],[Deleted],[Profile],[Id])values(N'zxh',N'670B14728AD9902AECBA32E22FA4F6BD',N'1210372315@qq.com',N'1',N':7125',N'0',N'2015/1/4 9:23:45',N'2015/1/4 9:23:45',N'0',N'True',N'False',N'http://news.xinhuanet.com/photo/2015-01/06/127362378_14205070801881n.jpg',N'1')
SET IDENTITY_INSERT [Nt_User] OFF

SET IDENTITY_INSERT [Nt_GoodsAttribute] ON
insert into [Nt_GoodsAttribute]([Name],[Description],[Id])values(N'颜色',N'颜色',N'1')
insert into [Nt_GoodsAttribute]([Name],[Description],[Id])values(N'款式',N'款式',N'2')
insert into [Nt_GoodsAttribute]([Name],[Description],[Id])values(N'尺码',N'尺码',N'3')
SET IDENTITY_INSERT [Nt_GoodsAttribute] OFF

SET IDENTITY_INSERT [Nt_UserLevel] ON
insert into [Nt_UserLevel]([Name],[IsAdmin],[Active],[Note],[Id])values(N'admin',N'True',N'True',N'',N'1')
SET IDENTITY_INSERT [Nt_UserLevel] OFF

SET IDENTITY_INSERT [Nt_Goods_Parameter] ON
insert into [Nt_Goods_Parameter]([GoodsParameterGroupId],[GoodsId],[Name],[Value],[Id])values(N'1',N'2',N'x',N'服装款式（style）指服装的式样，通常指形状因素，是造型要素中的一种，好的服装款式能给人带来一整天的好心情。服装款式一般有3个方面组成：结构、流行元素、质...',N'1')
insert into [Nt_Goods_Parameter]([GoodsParameterGroupId],[GoodsId],[Name],[Value],[Id])values(N'1',N'2',N'一',N'该款式在1516秋冬较为流行，属于其他欧美地区款式，适用于女装，类型是裙子。
该款式包含这些元素细节：靓女装少妇装中老年OL型淑女装印花动物花纹雪纺裙结构版修身款丝巾印花立体花长礼服裙',N'2')
insert into [Nt_Goods_Parameter]([GoodsParameterGroupId],[GoodsId],[Name],[Value],[Id])values(N'2',N'2',N'信息共享',N'买金项链送人，谁都好，都是一份心意，多少也可以嘛~~~~~对不？？款式看你或你夫人的喜好好了，一般单条上点分量的十克左右都够了，套链的话最起码十多克以上。不过现在金价正在下跌途中，还是比较贵。建议等一段时间',N'3')
insert into [Nt_Goods_Parameter]([GoodsParameterGroupId],[GoodsId],[Name],[Value],[Id])values(N'3',N'2',N'调查问卷',N' 和田玉的项链，真的很不错，圣诞送媳妇的礼物，她挺喜欢的。做工挺精致的，打磨的很好，顺丰真的是超速度啊，第二天就到了。太给力了 三十二个赞 　2014-12-17 17:32:46',N'4')
SET IDENTITY_INSERT [Nt_Goods_Parameter] OFF

SET IDENTITY_INSERT [Nt_WebsiteLinkItem] ON
SET IDENTITY_INSERT [Nt_WebsiteLinkItem] OFF

SET IDENTITY_INSERT [Nt_Goods_Ask] ON
SET IDENTITY_INSERT [Nt_Goods_Ask] OFF

SET IDENTITY_INSERT [Nt_Goods_Attribute_Mapping] ON
insert into [Nt_Goods_Attribute_Mapping]([IsRequired],[ControlType],[TextPrompt],[DisplayOrder],[GoodsAttributeId],[GoodsId],[Id])values(N'True',N'80',N'颜色',N'0',N'1',N'2',N'1')
insert into [Nt_Goods_Attribute_Mapping]([IsRequired],[ControlType],[TextPrompt],[DisplayOrder],[GoodsAttributeId],[GoodsId],[Id])values(N'True',N'20',N'尺码',N'0',N'3',N'2',N'2')
insert into [Nt_Goods_Attribute_Mapping]([IsRequired],[ControlType],[TextPrompt],[DisplayOrder],[GoodsAttributeId],[GoodsId],[Id])values(N'True',N'10',N'中古',N'0',N'2',N'2',N'3')
SET IDENTITY_INSERT [Nt_Goods_Attribute_Mapping] OFF

SET IDENTITY_INSERT [Nt_Goods_Promotion_Mapping] ON
SET IDENTITY_INSERT [Nt_Goods_Promotion_Mapping] OFF

SET IDENTITY_INSERT [Nt_Goods_VariantAttributeValue] ON
insert into [Nt_Goods_VariantAttributeValue]([GoodsVariantAttributeId],[Name],[AttributeValue],[Selected],[PriceAdjustment],[DisplayOrder],[Id])values(N'1',N'红色',N'ff0048',N'True',N'150.0000',N'0',N'1')
insert into [Nt_Goods_VariantAttributeValue]([GoodsVariantAttributeId],[Name],[AttributeValue],[Selected],[PriceAdjustment],[DisplayOrder],[Id])values(N'1',N'绿色',N'05eb0c',N'False',N'254.1200',N'0',N'2')
insert into [Nt_Goods_VariantAttributeValue]([GoodsVariantAttributeId],[Name],[AttributeValue],[Selected],[PriceAdjustment],[DisplayOrder],[Id])values(N'1',N'蓝色',N'0095ff',N'False',N'780.0000',N'0',N'3')
insert into [Nt_Goods_VariantAttributeValue]([GoodsVariantAttributeId],[Name],[AttributeValue],[Selected],[PriceAdjustment],[DisplayOrder],[Id])values(N'2',N'大',N'大',N'True',N'0.0000',N'0',N'4')
insert into [Nt_Goods_VariantAttributeValue]([GoodsVariantAttributeId],[Name],[AttributeValue],[Selected],[PriceAdjustment],[DisplayOrder],[Id])values(N'2',N'中',N'中',N'False',N'0.0000',N'0',N'5')
insert into [Nt_Goods_VariantAttributeValue]([GoodsVariantAttributeId],[Name],[AttributeValue],[Selected],[PriceAdjustment],[DisplayOrder],[Id])values(N'2',N'小',N'小',N'False',N'0.0000',N'0',N'6')
insert into [Nt_Goods_VariantAttributeValue]([GoodsVariantAttributeId],[Name],[AttributeValue],[Selected],[PriceAdjustment],[DisplayOrder],[Id])values(N'2',N'极小',N'极小',N'False',N'0.0000',N'0',N'7')
insert into [Nt_Goods_VariantAttributeValue]([GoodsVariantAttributeId],[Name],[AttributeValue],[Selected],[PriceAdjustment],[DisplayOrder],[Id])values(N'3',N'中古',N'中古',N'True',N'0.0000',N'0',N'8')
insert into [Nt_Goods_VariantAttributeValue]([GoodsVariantAttributeId],[Name],[AttributeValue],[Selected],[PriceAdjustment],[DisplayOrder],[Id])values(N'3',N'中世纪',N'中世纪',N'False',N'0.0000',N'0',N'9')
insert into [Nt_Goods_VariantAttributeValue]([GoodsVariantAttributeId],[Name],[AttributeValue],[Selected],[PriceAdjustment],[DisplayOrder],[Id])values(N'3',N'21世纪',N'21世纪',N'False',N'0.0000',N'0',N'10')
insert into [Nt_Goods_VariantAttributeValue]([GoodsVariantAttributeId],[Name],[AttributeValue],[Selected],[PriceAdjustment],[DisplayOrder],[Id])values(N'3',N'现代',N'现代',N'False',N'0.0000',N'0',N'11')
SET IDENTITY_INSERT [Nt_Goods_VariantAttributeValue] OFF

SET IDENTITY_INSERT [Nt_Goods_Binding] ON
SET IDENTITY_INSERT [Nt_Goods_Binding] OFF

SET IDENTITY_INSERT [Nt_Goods_Class] ON
insert into [Nt_Goods_Class]([PictureUrl],[Description],[SeoTitle],[SeoKeywords],[SeoDescription],[LanguageId],[ListTemplate],[DetailTemplate],[Depth],[Parent],[Crumbs],[Name],[Display],[DisplayOrder],[Id])values(N'/upload/201501/201501040938299228.jpg',N'女士鞋',N'女士鞋',N'女士鞋',N'女士鞋',N'1',N'/list.aspx',N'/detail.aspx',N'1',N'0',N'0,1,',N'女士鞋',N'True',N'0',N'1')
insert into [Nt_Goods_Class]([PictureUrl],[Description],[SeoTitle],[SeoKeywords],[SeoDescription],[LanguageId],[ListTemplate],[DetailTemplate],[Depth],[Parent],[Crumbs],[Name],[Display],[DisplayOrder],[Id])values(N'/content/images/man-r-img.jpg',N'男士鞋',N'男士鞋',N'男士鞋',N'男士鞋',N'1',N'/list.aspx',N'/detail.aspx',N'1',N'0',N'0,2,',N'男士鞋',N'True',N'0',N'2')
insert into [Nt_Goods_Class]([PictureUrl],[Description],[SeoTitle],[SeoKeywords],[SeoDescription],[LanguageId],[ListTemplate],[DetailTemplate],[Depth],[Parent],[Crumbs],[Name],[Display],[DisplayOrder],[Id])values(N'/content/images/kid-r-img.jpg',N'儿童鞋',N'儿童鞋',N'儿童鞋',N'儿童鞋',N'1',N'/list.aspx',N'/detail.aspx',N'1',N'0',N'0,3,',N'儿童鞋',N'True',N'0',N'3')
SET IDENTITY_INSERT [Nt_Goods_Class] OFF

SET IDENTITY_INSERT [Nt_Goods_ParameterGroup] ON
insert into [Nt_Goods_ParameterGroup]([GroupName],[Description],[Display],[DisplayOrder],[Id])values(N'anywide',N'anywide',N'True',N'0',N'1')
insert into [Nt_Goods_ParameterGroup]([GroupName],[Description],[Display],[DisplayOrder],[Id])values(N'Group',N'anywide',N'True',N'0',N'2')
insert into [Nt_Goods_ParameterGroup]([GroupName],[Description],[Display],[DisplayOrder],[Id])values(N'Group1',N'',N'True',N'0',N'3')
SET IDENTITY_INSERT [Nt_Goods_ParameterGroup] OFF

SET IDENTITY_INSERT [Nt_Goods_Picture_Mapping] ON
insert into [Nt_Goods_Picture_Mapping]([GoodsId],[PictureId],[Id])values(N'2',N'1',N'1')
insert into [Nt_Goods_Picture_Mapping]([GoodsId],[PictureId],[Id])values(N'2',N'2',N'2')
insert into [Nt_Goods_Picture_Mapping]([GoodsId],[PictureId],[Id])values(N'2',N'3',N'3')
insert into [Nt_Goods_Picture_Mapping]([GoodsId],[PictureId],[Id])values(N'2',N'4',N'4')
insert into [Nt_Goods_Picture_Mapping]([GoodsId],[PictureId],[Id])values(N'2',N'5',N'5')
insert into [Nt_Goods_Picture_Mapping]([GoodsId],[PictureId],[Id])values(N'2',N'6',N'6')
insert into [Nt_Goods_Picture_Mapping]([GoodsId],[PictureId],[Id])values(N'2',N'7',N'7')
insert into [Nt_Goods_Picture_Mapping]([GoodsId],[PictureId],[Id])values(N'3',N'1',N'8')
insert into [Nt_Goods_Picture_Mapping]([GoodsId],[PictureId],[Id])values(N'3',N'2',N'9')
insert into [Nt_Goods_Picture_Mapping]([GoodsId],[PictureId],[Id])values(N'3',N'3',N'10')
insert into [Nt_Goods_Picture_Mapping]([GoodsId],[PictureId],[Id])values(N'3',N'4',N'11')
insert into [Nt_Goods_Picture_Mapping]([GoodsId],[PictureId],[Id])values(N'3',N'5',N'12')
insert into [Nt_Goods_Picture_Mapping]([GoodsId],[PictureId],[Id])values(N'3',N'6',N'13')
insert into [Nt_Goods_Picture_Mapping]([GoodsId],[PictureId],[Id])values(N'3',N'7',N'14')
insert into [Nt_Goods_Picture_Mapping]([GoodsId],[PictureId],[Id])values(N'4',N'1',N'15')
insert into [Nt_Goods_Picture_Mapping]([GoodsId],[PictureId],[Id])values(N'4',N'2',N'16')
insert into [Nt_Goods_Picture_Mapping]([GoodsId],[PictureId],[Id])values(N'4',N'3',N'17')
insert into [Nt_Goods_Picture_Mapping]([GoodsId],[PictureId],[Id])values(N'4',N'4',N'18')
insert into [Nt_Goods_Picture_Mapping]([GoodsId],[PictureId],[Id])values(N'4',N'5',N'19')
insert into [Nt_Goods_Picture_Mapping]([GoodsId],[PictureId],[Id])values(N'4',N'6',N'20')
insert into [Nt_Goods_Picture_Mapping]([GoodsId],[PictureId],[Id])values(N'4',N'7',N'21')
SET IDENTITY_INSERT [Nt_Goods_Picture_Mapping] OFF

SET IDENTITY_INSERT [Nt_Goods_Promotion] ON
SET IDENTITY_INSERT [Nt_Goods_Promotion] OFF

SET IDENTITY_INSERT [Nt_Goods_Review] ON
insert into [Nt_Goods_Review]([CustomerId],[GoodsId],[IsApproved],[Title],[Body],[Rating],[CreatedDate],[Id])values(N'1',N'2',N'False',N'ok',N'京东购物就是一个方便。快递员服务态度好速度快。如果。价格再优惠点的就好了，如果是人有会去买酒就好了。我家一直在京东购物。就是看中。会的。',N'14',N'2015/1/4 11:30:30',N'1')
insert into [Nt_Goods_Review]([CustomerId],[GoodsId],[IsApproved],[Title],[Body],[Rating],[CreatedDate],[Id])values(N'1',N'2',N'False',N'ok',N'京东购物就是一个方便。快递员服务态度好速度快。如果。价格再优惠点的就好了，如果是人有会去买酒就好了。我家一直在京东购物。就是看中。会的。',N'18',N'2015/1/4 11:31:58',N'2')
insert into [Nt_Goods_Review]([CustomerId],[GoodsId],[IsApproved],[Title],[Body],[Rating],[CreatedDate],[Id])values(N'1',N'2',N'False',N'京东购物就是一个方便。快递…',N'京东购物就是一个方便。快递员服务态度好速度快。如果。价格再优惠点的就好了，如果是人有会去买酒就好了。我家一直在京东购物。就是看中。会的。',N'4',N'2015/1/5 10:00:02',N'3')
insert into [Nt_Goods_Review]([CustomerId],[GoodsId],[IsApproved],[Title],[Body],[Rating],[CreatedDate],[Id])values(N'1',N'2',N'False',N'sas',N'sas',N'3',N'2015/1/8 16:52:54',N'4')
insert into [Nt_Goods_Review]([CustomerId],[GoodsId],[IsApproved],[Title],[Body],[Rating],[CreatedDate],[Id])values(N'1',N'1',N'False',N'三大城市的',N'三大城市的',N'1',N'2015/1/9 15:33:17',N'5')
insert into [Nt_Goods_Review]([CustomerId],[GoodsId],[IsApproved],[Title],[Body],[Rating],[CreatedDate],[Id])values(N'1',N'1',N'False',N'三大城市的',N'三大城市的',N'1',N'2015/1/9 15:33:25',N'6')
SET IDENTITY_INSERT [Nt_Goods_Review] OFF

SET IDENTITY_INSERT [Nt_Goods_Tag] ON
SET IDENTITY_INSERT [Nt_Goods_Tag] OFF

